Region_ID,Region_name,Region_class,Process_ID,Sv_mean,NASC,Sv_max,Sv_min,Sv_noise,NASC_noise,Height_mean,Depth_mean,Good_samples,Ping_S,Ping_E,Ping_M,Dist_S,Dist_E,Dist_M,VL_start,VL_end,VL_mid,Date_S,Time_S,Date_E,Time_E,Date_M,Time_M,Lat_S,Lon_S,Lat_E,Lon_E,Lat_M,Lon_M,Exclude_below_line_depth_mean,Program_version,Processing_version,Processing_date,Processing_time,EV_filename,Alpha,Gain_constant,Noise_Sv_1m,Minimum_Sv_threshold_applied,Minimum_integration_threshold,Maximum_Sv_threshold_applied,Maximum_integration_threshold,Exclude_above_line_applied,Exclude_above_line_depth_mean,Exclude_below_line_applied,Bottom_offset,Uncorrected_length,Uncorrected_thickness,Uncorrected_perimeter,Uncorrected_area,Standard_deviation,Skewness,Kurtosis,Attack_angle,Corrected_length,Corrected_thickness,Corrected_perimeter,Corrected_area,Image_compactness,Corrected_mean_amplitude,Corrected_MVBS,Coefficient_of_variation,Horizontal_roughness_coefficient,Vertical_roughness_coefficient,3D_school_volume,ABC,ABC_noise,Area_Backscatter_Strength,Species_Id,Species_name,Species_percent,Species_TS,Species_weight,Density_number,Density_weight,Thickness_mean,Range_mean,Exclude_below_line_range_mean,Exclude_above_line_range_mean,Bad_data_no_data_samples,Beam_volume_sum,No_data_samples,Frequency,Region_notes,Region_detection_settings,Exclude_below_line_depth_min,Exclude_below_line_range_min,Exclude_below_line_depth_max,Exclude_below_line_range_max,Samples_Below_Bottom_Exclusion,Samples_Above_Surface_Exclusion,Samples_In_Domain,Bad_data_empty_water_samples,Heave_source,Heave_min,Heave_max,Heave_mean,Region_bottom_altitude_min,Region_bottom_altitude_max,Region_bottom_altitude_mean,Region_top_altitude_min,Region_top_altitude_max,Region_top_altitude_mean,Center_of_mass,Inertia,Proportion_occupied,Equivalent_area,Aggregation_index
133,"Region 133","School detected",325,-65.192189,109.992563,-54.244252,-69.998346,-964.625421,0.000000,8.435102,46.928085,5631,4806,4868,4837,5.794545,5.911557,5.850555,0.000000,0.000000,0.000000,20110502, 17:06:25.5990,20110502, 17:07:31.7280,20110502, 17:06:58.6630,48.14492684,-122.69200681,48.14639946,-122.69017257,48.14571799,-122.69129473,73.834924,"12.1.64.44173",3,20220822, 13:49:20.5220,"C:\Users\JPeraza\Documents\UW Summer 2022\EV Files\Mobile\Turbulence Removed\NR.May.02_c.EV",0.030381,-9999.000000,-999.000000,1,-70.000000,1,-34.000000,1,6.750000,1,0.000000,220.080939,19.063241,2406.205813,1824.723954,0.00000036434265,2.988997,14.619533,1.499293,218.852874,18.679241,2402.981683,1777.990693,258.441096,2.977063769e-07,-65.262119,122.383219,0.00000095280433,0.00000029860280,7961.545656,0.00000255194603,0.00000000000000,-55.9312851425,0,"Unassigned",100.000000,-40.000000,1.000000,87529.300138,87529.300138,8.435102,43.928085,70.834924,3.750000,0,8390.522006,0,120.000000,"","Variable name: 120 de-noised w/o turbulence 60m from bottom__School detected with:__Minimum data threshold:  -70.00__Maximum data threshold:  -34.00__Distance mode: GPS distance__Minimum total school height (meters):   3.00__Minimum candidate length (meters):   5.00__Minimum candidate height (meters):   3.00__Maximum vertical linking distance (meters):  10.00__Maximum horizontal linking distance (meters):  10.00__Minimum total school length (meters):   5.00__",65.847733,62.847733,80.986632,77.986632,0,0,5631,0,"",0.000000,0.000000,0.000000,17.601445,31.036324,22.308745,20.427303,40.190454,32.373645,47.329318,10.473481,0.770556,216.898901,0.004610
134,"Region 134","School detected",325,-55.936121,169.355751,-47.584028,-69.903778,-966.511304,0.000000,1.541417,36.851794,98,5299,5304,5301,6.683319,6.691844,6.686041,0.000000,0.000000,0.000000,20110502, 17:15:17.6190,20110502, 17:15:23.6300,20110502, 17:15:19.6250,48.15453928,-122.68237843,48.15442174,-122.68249715,48.15450186,-122.68241648,38.083678,"12.1.64.44173",3,20220822, 13:49:20.5220,"C:\Users\JPeraza\Documents\UW Summer 2022\EV Files\Mobile\Turbulence Removed\NR.May.02_c.EV",0.030381,-9999.000000,-999.000000,1,-70.000000,1,-34.000000,1,6.750000,1,0.000000,18.584161,3.019919,70.682597,27.519626,0.00000431599207,2.084493,3.328010,6.682456,14.281225,2.635919,61.308726,18.458730,16.204398,2.372791692e-06,-56.247404,181.895111,0.00002056659059,0.00000315460292,21.557876,0.00000392923600,0.00000000000000,-54.0569188547,0,"Unassigned",100.000000,-40.000000,1.000000,134769.024479,134769.024479,1.541417,33.851794,35.083678,3.750000,0,86.184626,0,120.000000,"","Variable name: 120 de-noised w/o turbulence 60m from bottom__School detected with:__Minimum data threshold:  -70.00__Maximum data threshold:  -34.00__Distance mode: GPS distance__Minimum total school height (meters):   3.00__Minimum candidate length (meters):   5.00__Minimum candidate height (meters):   3.00__Maximum vertical linking distance (meters):  10.00__Maximum horizontal linking distance (meters):  10.00__Minimum total school length (meters):   5.00__",37.503699,34.503699,38.744071,35.744071,0,0,98,0,"",0.000000,0.000000,0.000000,-9.9e+37,-9.9e+37,-9.9e+37,-9.9e+37,-9.9e+37,-9.9e+37,37.133539,0.167236,0.989796,2.410053,0.414929
135,"Region 135","School detected",325,-65.069944,114.586994,-54.085620,-69.998750,-964.518707,0.000000,8.543541,47.199835,9053,5528,5627,5577,7.177426,7.375297,7.275797,0.000000,0.000000,0.000000,20110502, 17:19:42.0940,20110502, 17:21:24.2970,20110502, 17:20:31.1940,48.14863301,-122.69080921,48.14648833,-122.69453000,48.14752549,-122.69260926,71.906089,"12.1.64.44173",3,20220822, 13:49:20.5220,"C:\Users\JPeraza\Documents\UW Summer 2022\EV Files\Mobile\Turbulence Removed\NR.May.02_c.EV",0.030381,-9999.000000,-999.000000,1,-70.000000,1,-34.000000,1,6.750000,1,0.000000,369.869119,23.404375,4125.093992,3186.524296,0.00000039138481,3.082203,14.253118,1.575256,368.571353,23.020375,4121.730460,3123.245221,432.855786,3.069948198e-07,-65.128690,127.489061,0.00000098583666,0.00000031906014,19126.552349,0.00000265854179,0.00000000000000,-55.7535650923,0,"Unassigned",100.000000,-40.000000,1.000000,91185.432218,91185.432218,8.543541,44.199835,68.906089,3.750000,0,13698.250261,0,120.000000,"","Variable name: 120 de-noised w/o turbulence 60m from bottom__School detected with:__Minimum data threshold:  -70.00__Maximum data threshold:  -34.00__Distance mode: GPS distance__Minimum total school height (meters):   3.00__Minimum candidate length (meters):   5.00__Minimum candidate height (meters):   3.00__Maximum vertical linking distance (meters):  10.00__Maximum horizontal linking distance (meters):  10.00__Minimum total school length (meters):   5.00__",65.613325,62.613325,81.469419,78.469419,0,0,9053,0,"",0.000000,0.000000,0.000000,14.328300,28.698656,19.594581,19.208227,43.032553,30.069926,47.035914,16.362021,0.769800,330.915426,0.003022
136,"Region 136","School detected",325,-64.960639,112.406439,-52.581983,-69.999224,-964.696349,0.000000,8.172657,46.968087,12990,5745,5894,5819,7.550512,7.809895,7.673945,0.000000,0.000000,0.000000,20110502, 17:23:29.5480,20110502, 17:26:05.8610,20110502, 17:24:46.7050,48.14815458,-122.69688548,48.15119933,-122.69233643,48.14961933,-122.69474453,71.977358,"12.1.64.44173",3,20220822, 13:49:20.5220,"C:\Users\JPeraza\Documents\UW Summer 2022\EV Files\Mobile\Turbulence Removed\NR.May.02_c.EV",0.030381,-9999.000000,-999.000000,1,-70.000000,1,-34.000000,1,6.750000,1,0.000000,483.610528,18.685751,4205.190632,3973.414605,0.00000040523329,3.100363,15.896541,1.651389,482.256712,18.301751,4201.715000,3880.864708,362.005205,3.133463082e-07,-65.039754,129.324418,0.00000102520888,0.00000034635496,24481.900971,0.00000260795058,0.00000000000000,-55.8370064319,0,"Unassigned",100.000000,-40.000000,1.000000,89450.202287,89450.202287,8.172657,43.968087,68.977358,3.750000,0,19393.639545,0,120.000000,"","Variable name: 120 de-noised w/o turbulence 60m from bottom__School detected with:__Minimum data threshold:  -70.00__Maximum data threshold:  -34.00__Distance mode: GPS distance__Minimum total school height (meters):   3.00__Minimum candidate length (meters):   5.00__Minimum candidate height (meters):   3.00__Maximum vertical linking distance (meters):  10.00__Maximum horizontal linking distance (meters):  10.00__Minimum total school length (meters):   5.00__",64.657216,61.657216,80.636454,77.636454,0,0,12990,0,"",0.000000,0.000000,0.000000,11.911988,34.284266,19.843270,15.746514,41.644565,29.454163,47.311724,9.876976,0.755812,469.240200,0.002131
137,"Region 137","School detected",325,-67.442517,7.129787,-63.739164,-69.975120,-960.022031,0.000000,0.917987,62.557855,107,5798,5808,5803,7.634686,7.652424,7.643556,0.000000,0.000000,0.000000,20110502, 17:24:24.6600,20110502, 17:24:34.6820,20110502, 17:24:29.6700,48.14917869,-122.69546463,48.14938036,-122.69514330,48.14928004,-122.69530493,73.605511,"12.1.64.44173",3,20220822, 13:49:20.5220,"C:\Users\JPeraza\Documents\UW Summer 2022\EV Files\Mobile\Turbulence Removed\NR.May.02_c.EV",0.030381,-9999.000000,-999.000000,1,-70.000000,1,-34.000000,1,6.750000,1,0.000000,36.216927,3.019919,229.265175,33.506261,0.00000008224672,1.156202,0.757909,-0.226952,36.464722,2.635919,228.992765,29.445847,141.712974,1.583603138e-07,-68.003536,51.936444,0.00000007491133,0.00000005062833,8.710812,0.00000016541875,0.00000000000000,-67.8141527266,0,"Unassigned",100.000000,-40.000000,1.000000,5673.704299,5673.704299,0.917987,59.557855,70.605511,3.750000,0,291.205269,0,120.000000,"","Variable name: 120 de-noised w/o turbulence 60m from bottom__School detected with:__Minimum data threshold:  -70.00__Maximum data threshold:  -34.00__Distance mode: GPS distance__Minimum total school height (meters):   3.00__Minimum candidate length (meters):   5.00__Minimum candidate height (meters):   3.00__Maximum vertical linking distance (meters):  10.00__Maximum horizontal linking distance (meters):  10.00__Minimum total school length (meters):   5.00__",72.790835,69.790835,74.445530,71.445530,0,0,107,0,"",0.000000,0.000000,0.000000,9.378246,12.038054,10.065566,10.477731,12.897846,12.167498,62.547420,0.792482,0.990654,8.370393,0.119469
138,"Region 138","School detected",325,-65.407355,26.812505,-55.798142,-69.976474,-964.598410,0.000000,2.160633,45.740971,435,6077,6095,6086,8.145628,8.181194,8.164294,0.000000,0.000000,0.000000,20110502, 17:29:19.2340,20110502, 17:29:38.2710,20110502, 17:29:29.2530,48.15505667,-122.68640500,48.15548000,-122.68578833,48.15528667,-122.68609333,47.325519,"12.1.64.44173",3,20220822, 13:49:20.5220,"C:\Users\JPeraza\Documents\UW Summer 2022\EV Files\Mobile\Turbulence Removed\NR.May.02_c.EV",0.030381,-9999.000000,-999.000000,1,-70.000000,1,-34.000000,1,6.750000,1,0.000000,69.326016,7.172308,444.137209,155.489821,0.00000030878345,2.757942,12.211236,1.427133,68.186633,6.788308,441.090444,144.746336,106.964054,2.750028301e-07,-65.606628,112.283736,0.00000041888652,0.00000025291058,179.256234,0.00000062207902,0.00000000000000,-62.0615444653,0,"Unassigned",100.000000,-40.000000,1.000000,21336.713400,21336.713400,2.160633,42.740971,44.325519,3.750000,0,610.395527,0,120.000000,"","Variable name: 120 de-noised w/o turbulence 60m from bottom__School detected with:__Minimum data threshold:  -70.00__Maximum data threshold:  -34.00__Distance mode: GPS distance__Minimum total school height (meters):   3.00__Minimum candidate length (meters):   5.00__Minimum candidate height (meters):   3.00__Maximum vertical linking distance (meters):  10.00__Maximum horizontal linking distance (meters):  10.00__Minimum total school length (meters):   5.00__",44.617531,41.617531,50.534341,47.534341,0,0,435,0,"",0.000000,0.000000,0.000000,-9.9e+37,-9.9e+37,-9.9e+37,-9.9e+37,-9.9e+37,-9.9e+37,46.232225,2.654603,0.848276,19.115566,0.052313
139,"Region 139","School detected",325,-61.799407,61.051396,-52.051585,-69.794691,-964.052525,0.000000,2.143603,46.516397,159,6426,6432,6429,8.739864,8.762615,8.751205,0.000000,0.000000,0.000000,20110502, 17:35:37.9690,20110502, 17:35:49.9800,20110502, 17:35:43.9740,48.15651197,-122.68871427,48.15625337,-122.68912802,48.15638466,-122.68892278,49.389324,"12.1.64.44173",3,20220822, 13:49:20.5220,"C:\Users\JPeraza\Documents\UW Summer 2022\EV Files\Mobile\Turbulence Removed\NR.May.02_c.EV",0.030381,-9999.000000,-999.000000,1,-70.000000,1,-34.000000,1,6.750000,1,0.000000,45.711695,4.246762,174.036582,104.091672,0.00000096730496,3.206379,11.738920,3.826167,42.604212,3.862762,167.053616,88.243194,25.166376,6.154152006e-07,-62.108318,157.179244,0.00000435321892,0.00000080281845,172.383867,0.00000141645820,0.00000000000000,-58.4879623736,0,"Unassigned",100.000000,-40.000000,1.000000,48583.157048,48583.157048,2.143603,43.516397,46.389324,3.750000,0,231.088824,0,120.000000,"","Variable name: 120 de-noised w/o turbulence 60m from bottom__School detected with:__Minimum data threshold:  -70.00__Maximum data threshold:  -34.00__Distance mode: GPS distance__Minimum total school height (meters):   3.00__Minimum candidate length (meters):   5.00__Minimum candidate height (meters):   3.00__Maximum vertical linking distance (meters):  10.00__Maximum horizontal linking distance (meters):  10.00__Minimum total school length (meters):   5.00__",47.148755,44.148755,51.745638,48.745638,0,0,159,0,"",0.000000,0.000000,0.000000,0.024804,5.475856,1.623064,0.595856,5.853346,4.009339,46.795142,0.866821,0.918239,4.794838,0.208558
140,"Region 140","School detected",325,-64.099865,159.863833,-51.772956,-69.999382,-963.351979,0.000000,9.533336,51.354448,11112,6571,6680,6625,9.047864,9.277416,9.161764,0.000000,0.000000,0.000000,20110502, 17:38:13.2760,20110502, 17:40:10.5070,20110502, 17:39:11.3930,48.15283333,-122.69399667,48.15027307,-122.69823289,48.15156667,-122.69610333,71.837888,"12.1.64.44173",3,20220822, 13:49:20.5220,"C:\Users\JPeraza\Documents\UW Summer 2022\EV Files\Mobile\Turbulence Removed\NR.May.02_c.EV",0.030381,-9999.000000,-999.000000,1,-70.000000,1,-34.000000,1,6.750000,1,0.000000,428.985971,20.195711,3717.059997,4091.259872,0.00000048272385,3.064855,15.761078,2.265203,426.955395,19.811711,3712.230845,3994.471426,274.536926,3.830993211e-07,-64.166886,126.004883,0.00000113142990,0.00000040567987,32122.512043,0.00000370901327,0.00000000000000,-54.3074161257,0,"Unassigned",100.000000,-40.000000,1.000000,127215.596214,127215.596214,9.533336,48.354448,68.837888,3.750000,0,20084.742413,0,120.000000,"","Variable name: 120 de-noised w/o turbulence 60m from bottom__School detected with:__Minimum data threshold:  -70.00__Maximum data threshold:  -34.00__Distance mode: GPS distance__Minimum total school height (meters):   3.00__Minimum candidate length (meters):   5.00__Minimum candidate height (meters):   3.00__Maximum vertical linking distance (meters):  10.00__Maximum horizontal linking distance (meters):  10.00__Minimum total school length (meters):   5.00__",67.622966,64.622966,78.664959,75.664959,0,0,11112,0,"",0.000000,0.000000,0.000000,8.504913,28.148416,14.780473,14.570418,36.257089,25.612718,51.404971,14.176253,0.799856,412.970100,0.002421
141,"Region 141","School detected",325,-67.374373,11.764054,-61.245909,-69.993195,-963.898171,0.000000,1.491085,47.992259,395,6682,6706,6694,9.281495,9.333998,9.308693,0.000000,0.000000,0.000000,20110502, 17:40:12.5110,20110502, 17:40:39.5640,20110502, 17:40:26.5380,48.15022658,-122.69830683,48.14963830,-122.69926432,48.14994069,-122.69883081,79.469218,"12.1.64.44173",3,20220822, 13:49:20.5220,"C:\Users\JPeraza\Documents\UW Summer 2022\EV Files\Mobile\Turbulence Removed\NR.May.02_c.EV",0.030381,-9999.000000,-999.000000,1,-70.000000,1,-34.000000,1,6.750000,1,0.000000,104.838474,5.096114,609.765097,155.787520,0.00000012541423,1.280710,3.086619,-0.472515,105.234266,4.712114,609.788681,144.592512,204.645901,1.698931474e-07,-67.698241,73.819473,0.00000017294028,0.00000005587752,109.605431,0.00000027293874,0.00000000000000,-65.6393482221,0,"Unassigned",100.000000,-40.000000,1.000000,9361.536782,9361.536782,1.491085,44.992259,76.469218,3.750000,0,613.752186,0,120.000000,"","Variable name: 120 de-noised w/o turbulence 60m from bottom__School detected with:__Minimum data threshold:  -70.00__Maximum data threshold:  -34.00__Distance mode: GPS distance__Minimum total school height (meters):   3.00__Minimum candidate length (meters):   5.00__Minimum candidate height (meters):   3.00__Maximum vertical linking distance (meters):  10.00__Maximum horizontal linking distance (meters):  10.00__Minimum total school length (meters):   5.00__",78.633582,75.633582,79.848856,76.848856,0,0,395,0,"",0.000000,0.000000,0.000000,29.430372,32.865409,30.285214,30.193233,34.809777,32.614326,47.878344,1.394021,0.875949,25.389012,0.039387
142,"Region 142","School detected",325,-65.362996,104.735301,-53.368322,-69.998837,-963.806930,0.000000,8.354123,50.055084,13544,6866,7018,6942,9.618557,9.940474,9.790530,0.000000,0.000000,0.000000,20110502, 17:43:34.9070,20110502, 17:46:24.2250,20110502, 17:45:07.0670,48.15156927,-122.70133419,48.15530175,-122.69560892,48.15359616,-122.69832848,77.761791,"12.1.64.44173",3,20220822, 13:49:20.5220,"C:\Users\JPeraza\Documents\UW Summer 2022\EV Files\Mobile\Turbulence Removed\NR.May.02_c.EV",0.030381,-9999.000000,-999.000000,1,-70.000000,1,-34.000000,1,6.750000,1,0.000000,599.707339,21.422553,6930.849869,5053.728340,0.00000034542894,3.082515,15.794660,1.339617,598.536961,21.038553,6927.741114,4953.454116,771.019375,2.862115138e-07,-65.433129,120.690093,0.00000085056420,0.00000028812688,26534.813745,0.00000242997189,0.00000000000000,-56.1439874975,0,"Unassigned",100.000000,-40.000000,1.000000,83345.704223,83345.704223,8.354123,47.055084,74.761791,3.750000,0,23160.388080,0,120.000000,"","Variable name: 120 de-noised w/o turbulence 60m from bottom__School detected with:__Minimum data threshold:  -70.00__Maximum data threshold:  -34.00__Distance mode: GPS distance__Minimum total school height (meters):   3.00__Minimum candidate length (meters):   5.00__Minimum candidate height (meters):   3.00__Maximum vertical linking distance (meters):  10.00__Maximum horizontal linking distance (meters):  10.00__Minimum total school length (meters):   5.00__",71.755066,68.755066,80.164082,77.164082,0,0,13544,0,"",0.000000,0.000000,0.000000,19.035264,26.582575,22.640734,22.665081,40.359500,33.497270,50.383973,13.511955,0.777171,530.318684,0.001886
143,"Region 143","School detected",325,-62.480370,39.602166,-49.860341,-69.961469,-964.961315,0.000000,1.626537,42.556885,293,7141,7157,7149,10.179988,10.214061,10.197955,0.000000,0.000000,0.000000,20110502, 17:48:31.4850,20110502, 17:48:48.5200,20110502, 17:48:40.5030,48.15817650,-122.69153045,48.15854591,-122.69088711,48.15837375,-122.69119434,43.576947,"12.1.64.44173",3,20220822, 13:49:20.5220,"C:\Users\JPeraza\Documents\UW Summer 2022\EV Files\Mobile\Turbulence Removed\NR.May.02_c.EV",0.030381,-9999.000000,-999.000000,1,-70.000000,1,-34.000000,1,6.750000,1,0.000000,70.567111,6.794819,386.428686,104.526013,0.00000099712401,6.528397,54.820351,3.360807,68.070129,6.410819,380.666723,95.129288,121.217610,5.412029993e-07,-62.666398,184.242145,0.00000153084141,0.00000100841849,95.940853,0.00000091881293,0.00000000000000,-60.3677289955,0,"Unassigned",100.000000,-40.000000,1.000000,31514.402005,31514.402005,1.626537,39.556885,40.576947,3.750000,0,352.322724,0,120.000000,"","Variable name: 120 de-noised w/o turbulence 60m from bottom__School detected with:__Minimum data threshold:  -70.00__Maximum data threshold:  -34.00__Distance mode: GPS distance__Minimum total school height (meters):   3.00__Minimum candidate length (meters):   5.00__Minimum candidate height (meters):   3.00__Maximum vertical linking distance (meters):  10.00__Maximum horizontal linking distance (meters):  10.00__Minimum total school length (meters):   5.00__",39.457067,36.457067,47.521514,44.521514,0,0,293,0,"",0.000000,0.000000,0.000000,-9.9e+37,-9.9e+37,-9.9e+37,-9.9e+37,-9.9e+37,-9.9e+37,42.014734,2.420878,0.952218,6.735661,0.148464
144,"Region 144","School detected",325,-65.424950,67.740098,-55.707255,-69.997910,-963.110537,0.000000,5.480863,53.363780,2265,7589,7627,7608,11.124625,11.211931,11.169593,0.000000,0.000000,0.000000,20110502, 17:56:37.4200,20110502, 17:57:18.5000,20110502, 17:56:58.4600,48.15746833,-122.69682667,48.15637180,-122.69824579,48.15691617,-122.69757877,79.099175,"12.1.64.44173",3,20220822, 13:49:20.5220,"C:\Users\JPeraza\Documents\UW Summer 2022\EV Files\Mobile\Turbulence Removed\NR.May.02_c.EV",0.030381,-9999.000000,-999.000000,1,-70.000000,1,-34.000000,1,6.750000,1,0.000000,173.180148,9.909110,1242.111141,962.476685,0.00000032080816,2.286577,7.533613,1.336928,171.934912,9.525110,1238.852669,918.526167,132.965180,2.770493952e-07,-65.574428,115.794572,0.00000073434410,0.00000029097920,3512.216770,0.00000157164331,0.00000000000000,-58.0364601238,0,"Unassigned",100.000000,-40.000000,1.000000,53905.857368,53905.857368,5.480863,50.363780,76.099175,3.750000,0,4415.217250,0,120.000000,"","Variable name: 120 de-noised w/o turbulence 60m from bottom__School detected with:__Minimum data threshold:  -70.00__Maximum data threshold:  -34.00__Distance mode: GPS distance__Minimum total school height (meters):   3.00__Minimum candidate length (meters):   5.00__Minimum candidate height (meters):   3.00__Maximum vertical linking distance (meters):  10.00__Maximum horizontal linking distance (meters):  10.00__Minimum total school length (meters):   5.00__",77.713256,74.713256,80.987352,77.987352,0,0,2265,0,"",0.000000,0.000000,0.000000,20.682126,25.601819,22.552472,24.365538,31.484614,28.865749,53.649614,4.304805,0.766887,94.955576,0.010531
145,"Region 145","School detected",325,-63.977264,177.113567,-50.895739,-69.998465,-963.741255,0.000000,10.268012,50.244097,14362,7628,7759,7693,11.218134,11.499712,11.359196,0.000000,0.000000,0.000000,20110502, 17:57:21.5020,20110502, 17:59:39.7740,20110502, 17:58:30.6360,48.15630172,-122.69835914,48.15312092,-122.70349158,48.15468651,-122.70089551,80.482654,"12.1.64.44173",3,20220822, 13:49:20.5220,"C:\Users\JPeraza\Documents\UW Summer 2022\EV Files\Mobile\Turbulence Removed\NR.May.02_c.EV",0.030381,-9999.000000,-999.000000,1,-70.000000,1,-34.000000,1,6.750000,1,0.000000,525.239091,21.894415,4084.200746,5400.582068,0.00000055797882,3.809842,24.561338,2.342402,523.184694,21.510415,4079.323952,5285.109657,250.560452,3.944657760e-07,-64.039907,141.451770,0.00000160702460,0.00000049479832,37773.721761,0.00000410922569,0.00000000000000,-53.8624000555,0,"Unassigned",100.000000,-40.000000,1.000000,140942.498067,140942.498067,10.268012,47.244097,77.482654,3.750000,0,24780.485412,0,120.000000,"","Variable name: 120 de-noised w/o turbulence 60m from bottom__School detected with:__Minimum data threshold:  -70.00__Maximum data threshold:  -34.00__Distance mode: GPS distance__Minimum total school height (meters):   3.00__Minimum candidate length (meters):   5.00__Minimum candidate height (meters):   3.00__Maximum vertical linking distance (meters):  10.00__Maximum horizontal linking distance (meters):  10.00__Minimum total school length (meters):   5.00__",73.372310,70.372310,85.719273,82.719273,0,0,14362,0,"",0.000000,0.000000,0.000000,20.222615,28.426373,24.711279,25.026334,41.701736,36.071009,50.987291,13.877325,0.773012,460.413236,0.002172
146,"Region 146","School detected",325,-63.450758,167.418282,-51.466846,-69.999651,-963.728103,0.000000,8.597790,49.718329,11297,8038,8161,8099,12.049391,12.303414,12.172480,0.000000,0.000000,0.000000,20110502, 18:04:44.3580,20110502, 18:06:52.6150,20110502, 18:05:46.4840,48.15710000,-122.70702500,48.16009241,-122.70256810,48.15856397,-122.70488562,81.637026,"12.1.64.44173",3,20220822, 13:49:20.5220,"C:\Users\JPeraza\Documents\UW Summer 2022\EV Files\Mobile\Turbulence Removed\NR.May.02_c.EV",0.030381,-9999.000000,-999.000000,1,-70.000000,1,-34.000000,1,6.750000,1,0.000000,481.492219,17.742026,3965.256858,4164.244954,0.00000057595801,2.902091,12.773139,2.683195,479.163455,17.358026,3959.831330,4054.411323,307.762503,4.436929566e-07,-63.529175,129.810041,0.00000143369968,0.00000048076763,27141.884935,0.00000388428463,0.00000000000000,-54.1068895387,0,"Unassigned",100.000000,-40.000000,1.000000,133227.235530,133227.235530,8.597790,46.718329,78.637026,3.750000,0,19023.176045,0,120.000000,"","Variable name: 120 de-noised w/o turbulence 60m from bottom__School detected with:__Minimum data threshold:  -70.00__Maximum data threshold:  -34.00__Distance mode: GPS distance__Minimum total school height (meters):   3.00__Minimum candidate length (meters):   5.00__Minimum candidate height (meters):   3.00__Maximum vertical linking distance (meters):  10.00__Maximum horizontal linking distance (meters):  10.00__Minimum total school length (meters):   5.00__",73.266177,70.266177,85.569120,82.569120,0,0,11297,0,"",0.000000,0.000000,0.000000,23.026209,31.326783,27.129439,23.127123,43.590888,37.108568,49.989132,9.138134,0.813579,406.119256,0.002462
147,"Region 147","School detected",325,-66.039278,46.042146,-56.921754,-69.990154,-963.005320,0.000000,4.291326,52.442128,1637,8162,8197,8179,12.309376,12.379850,12.342815,0.000000,0.000000,0.000000,20110502, 18:06:55.6170,20110502, 18:07:31.6900,20110502, 18:07:12.6520,48.16015945,-122.70245865,48.16097796,-122.70120479,48.16054369,-122.70185811,82.882021,"12.1.64.44173",3,20220822, 13:49:20.5220,"C:\Users\JPeraza\Documents\UW Summer 2022\EV Files\Mobile\Turbulence Removed\NR.May.02_c.EV",0.030381,-9999.000000,-999.000000,1,-70.000000,1,-34.000000,1,6.750000,1,0.000000,134.048466,10.475345,1559.752484,574.178510,0.00000023208014,2.119093,7.217905,0.842834,133.277017,10.091345,1557.441585,549.947290,350.988270,2.408459758e-07,-66.182606,96.360397,0.00000040598134,0.00000015077589,1036.735571,0.00000106822743,0.00000000000000,-59.7133627532,0,"Unassigned",100.000000,-40.000000,1.000000,36639.175739,36639.175739,4.291326,49.442128,79.882021,3.750000,0,3077.582690,0,120.000000,"","Variable name: 120 de-noised w/o turbulence 60m from bottom__School detected with:__Minimum data threshold:  -70.00__Maximum data threshold:  -34.00__Distance mode: GPS distance__Minimum total school height (meters):   3.00__Minimum candidate length (meters):   5.00__Minimum candidate height (meters):   3.00__Maximum vertical linking distance (meters):  10.00__Maximum horizontal linking distance (meters):  10.00__Minimum total school length (meters):   5.00__",81.834190,78.834190,84.167881,81.167881,0,0,1637,0,"",0.000000,0.000000,0.000000,26.131329,30.528979,27.119941,29.430196,37.253183,33.878059,52.379411,5.795727,0.836286,82.671561,0.012096
148,"Region 148","School detected",325,-65.955914,10.940865,-61.292071,-69.912108,-961.653933,0.000000,1.000348,54.860349,106,8207,8216,8211,12.402800,12.420031,12.410601,0.000000,0.000000,0.000000,20110502, 18:07:43.7110,20110502, 18:07:52.7280,20110502, 18:07:47.7190,48.16126022,-122.70082017,48.16147240,-122.70053162,48.16135521,-122.70068776,78.152145,"12.1.64.44173",3,20220822, 13:49:20.5220,"C:\Users\JPeraza\Documents\UW Summer 2022\EV Files\Mobile\Turbulence Removed\NR.May.02_c.EV",0.030381,-9999.000000,-999.000000,1,-70.000000,1,-34.000000,1,6.750000,1,0.000000,35.412187,3.019919,180.548757,35.371954,0.00000012633576,1.605584,3.215976,1.192357,34.270471,2.635919,177.497326,29.878800,83.909398,2.247023056e-07,-66.483925,56.223614,0.00000016619472,0.00000006207411,11.632482,0.00000025383986,0.00000000000000,-65.9544018721,0,"Unassigned",100.000000,-40.000000,1.000000,8706.463487,8706.463487,1.000348,51.860349,75.152145,3.750000,0,218.726467,0,120.000000,"","Variable name: 120 de-noised w/o turbulence 60m from bottom__School detected with:__Minimum data threshold:  -70.00__Maximum data threshold:  -34.00__Distance mode: GPS distance__Minimum total school height (meters):   3.00__Minimum candidate length (meters):   5.00__Minimum candidate height (meters):   3.00__Maximum vertical linking distance (meters):  10.00__Maximum horizontal linking distance (meters):  10.00__Minimum total school length (meters):   5.00__",76.793746,73.793746,79.215368,76.215368,0,0,106,0,"",0.000000,0.000000,0.000000,21.201178,24.275979,22.473427,22.030440,25.462419,24.096634,54.896295,0.393666,1.000000,8.031455,0.124510
149,"Region 149","School detected",325,-66.772345,9.242423,-60.384983,-69.991180,-963.072301,0.000000,1.019832,50.799802,335,8229,8259,8244,12.446793,12.506116,12.475594,0.000000,0.000000,0.000000,20110502, 18:08:06.7570,20110502, 18:08:37.8220,20110502, 18:08:21.7890,48.16179073,-122.70006638,48.16247398,-122.69900147,48.16211981,-122.69954518,68.980610,"12.1.64.44173",3,20220822, 13:49:20.5220,"C:\Users\JPeraza\Documents\UW Summer 2022\EV Files\Mobile\Turbulence Removed\NR.May.02_c.EV",0.030381,-9999.000000,-999.000000,1,-70.000000,1,-34.000000,1,6.750000,1,0.000000,113.469910,4.907369,536.005456,115.363941,0.00000014785356,1.361009,2.945162,0.170252,113.318961,4.523369,534.935557,106.195291,214.431119,1.940915378e-07,-67.119934,76.177230,0.00000016933093,0.00000009542562,57.487824,0.00000021443418,0.00000000000000,-66.6870598507,0,"Unassigned",100.000000,-40.000000,1.000000,7354.886670,7354.886670,1.019832,47.799802,65.980610,3.750000,0,587.344393,0,120.000000,"","Variable name: 120 de-noised w/o turbulence 60m from bottom__School detected with:__Minimum data threshold:  -70.00__Maximum data threshold:  -34.00__Distance mode: GPS distance__Minimum total school height (meters):   3.00__Minimum candidate length (meters):   5.00__Minimum candidate height (meters):   3.00__Maximum vertical linking distance (meters):  10.00__Maximum horizontal linking distance (meters):  10.00__Minimum total school length (meters):   5.00__",66.961975,63.961975,72.487740,69.487740,0,0,335,0,"",0.000000,0.000000,0.000000,16.144905,21.404962,17.477722,16.899885,21.923586,19.024213,50.833946,0.692870,0.898507,21.175544,0.047224
150,"Region 150","School detected",325,-67.047253,8.741691,-62.828571,-69.993244,-960.477522,0.000000,1.027611,61.496493,98,8269,8277,8273,12.526860,12.541614,12.534179,0.000000,0.000000,0.000000,20110502, 18:08:48.8410,20110502, 18:08:56.8580,20110502, 18:08:52.8500,48.16270118,-122.69861296,48.16288735,-122.69837537,48.16279562,-122.69849916,65.789393,"12.1.64.44173",3,20220822, 13:49:20.5220,"C:\Users\JPeraza\Documents\UW Summer 2022\EV Files\Mobile\Turbulence Removed\NR.May.02_c.EV",0.030381,-9999.000000,-999.000000,1,-70.000000,1,-34.000000,1,6.750000,1,0.000000,30.618755,3.019919,145.712410,31.652895,0.00000011322424,0.997937,1.208456,0.286721,30.311012,2.635919,144.328923,27.350365,60.608531,1.733913692e-07,-67.609725,65.299815,0.00000013428903,0.00000006566401,15.624918,0.00000020281665,0.00000000000000,-66.9289639352,0,"Unassigned",100.000000,-40.000000,1.000000,6956.416503,6956.416503,1.027611,58.496493,62.789393,3.750000,0,257.279440,0,120.000000,"","Variable name: 120 de-noised w/o turbulence 60m from bottom__School detected with:__Minimum data threshold:  -70.00__Maximum data threshold:  -34.00__Distance mode: GPS distance__Minimum total school height (meters):   3.00__Minimum candidate length (meters):   5.00__Minimum candidate height (meters):   3.00__Maximum vertical linking distance (meters):  10.00__Maximum horizontal linking distance (meters):  10.00__Minimum total school length (meters):   5.00__",65.382869,62.382869,66.118291,63.118291,0,0,98,0,"",0.000000,0.000000,0.000000,2.881020,4.182678,3.329488,3.069765,6.188800,4.828962,61.564481,0.545780,0.938776,6.976090,0.143347
151,"Region 151","School detected",325,-65.305043,124.769258,-54.341041,-69.999382,-963.276224,0.000000,9.820193,52.889077,18002,8978,9150,9064,14.044413,14.413213,14.229265,0.000000,0.000000,0.000000,20110502, 18:21:29.3310,20110502, 18:24:28.7000,20110502, 18:22:57.5140,48.16619523,-122.70307291,48.16193057,-122.70965809,48.16404930,-122.70636454,73.847324,"12.1.64.44173",3,20220822, 13:49:20.5220,"C:\Users\JPeraza\Documents\UW Summer 2022\EV Files\Mobile\Turbulence Removed\NR.May.02_c.EV",0.030381,-9999.000000,-999.000000,1,-70.000000,1,-34.000000,1,6.750000,1,0.000000,686.946314,21.705670,6590.690225,6711.378981,0.00000035425854,2.766208,12.169210,1.383903,685.668787,21.321670,6587.367172,6580.385967,524.762160,2.901051672e-07,-65.374445,122.113834,0.00000085789733,0.00000029194740,46309.724065,0.00000289478129,0.00000000000000,-55.3838424283,0,"Unassigned",100.000000,-40.000000,1.000000,99288.220570,99288.220570,9.820193,49.889077,70.847324,3.750000,0,34608.222847,0,120.000000,"","Variable name: 120 de-noised w/o turbulence 60m from bottom__School detected with:__Minimum data threshold:  -70.00__Maximum data threshold:  -34.00__Distance mode: GPS distance__Minimum total school height (meters):   3.00__Minimum candidate length (meters):   5.00__Minimum candidate height (meters):   3.00__Maximum vertical linking distance (meters):  10.00__Maximum horizontal linking distance (meters):  10.00__Minimum total school length (meters):   5.00__",54.437824,51.437824,90.587144,87.587144,0,0,18002,0,"",0.000000,0.000000,0.000000,-9.9e+37,-9.9e+37,-9.9e+37,-9.9e+37,-9.9e+37,-9.9e+37,53.053213,15.044098,0.752083,695.073498,0.001439
152,"Region 152","School detected",325,-63.923846,100.252267,-52.844854,-69.989793,-961.837286,0.000000,5.740993,56.406033,1460,9145,9168,9156,14.402869,14.452256,14.427755,0.000000,0.000000,0.000000,20110502, 18:24:23.6900,20110502, 18:24:47.7400,20110502, 18:24:35.7150,48.16205351,-122.70947780,48.16146564,-122.71033637,48.16175756,-122.70991074,70.378593,"12.1.64.44173",3,20220822, 13:49:20.5220,"C:\Users\JPeraza\Documents\UW Summer 2022\EV Files\Mobile\Turbulence Removed\NR.May.02_c.EV",0.030381,-9999.000000,-999.000000,1,-70.000000,1,-34.000000,1,6.750000,1,0.000000,95.288739,15.099597,1046.442461,540.870447,0.00000048970689,3.142499,14.554303,2.477728,92.849108,14.715597,1040.795199,513.620011,167.833542,3.997562786e-07,-63.982047,122.501364,0.00000119425398,0.00000036095246,1909.851665,0.00000232596067,0.00000000000000,-56.3339763281,0,"Unassigned",100.000000,-40.000000,1.000000,79778.219127,79778.219127,5.740993,53.406033,67.378593,3.750000,0,3207.276570,0,120.000000,"","Variable name: 120 de-noised w/o turbulence 60m from bottom__School detected with:__Minimum data threshold:  -70.00__Maximum data threshold:  -34.00__Distance mode: GPS distance__Minimum total school height (meters):   3.00__Minimum candidate length (meters):   5.00__Minimum candidate height (meters):   3.00__Maximum vertical linking distance (meters):  10.00__Maximum horizontal linking distance (meters):  10.00__Minimum total school length (meters):   5.00__",66.040457,63.040457,81.014877,78.014877,0,0,1460,0,"",0.000000,0.000000,0.000000,3.893266,26.534689,10.652868,14.202698,26.817807,18.328497,56.827154,9.836342,0.871918,56.010354,0.017854
153,"Region 153","School detected",325,-63.765016,56.993927,-53.594179,-69.995756,-960.875104,0.000000,3.146577,61.993600,1267,9225,9262,9243,14.569318,14.648742,14.607954,0.000000,0.000000,0.000000,20110502, 18:25:45.8630,20110502, 18:26:24.9410,20110502, 18:26:04.9000,48.16006299,-122.71235281,48.15907114,-122.71365566,48.15956390,-122.71295849,64.577474,"12.1.64.44173",3,20220822, 13:49:20.5220,"C:\Users\JPeraza\Documents\UW Summer 2022\EV Files\Mobile\Turbulence Removed\NR.May.02_c.EV",0.030381,-9999.000000,-999.000000,1,-70.000000,1,-34.000000,1,6.750000,1,0.000000,150.921897,10.097855,714.633080,484.944330,0.00000051781361,2.968600,12.975561,2.543554,148.169339,9.713855,708.359963,457.994708,87.184181,4.082489374e-07,-63.890749,126.837713,0.00000133724974,0.00000041170662,1037.251826,0.00000132232055,0.00000000000000,-58.7866325263,0,"Unassigned",100.000000,-40.000000,1.000000,45354.326023,45354.326023,3.146577,58.993600,61.577474,3.750000,0,3388.989924,0,120.000000,"","Variable name: 120 de-noised w/o turbulence 60m from bottom__School detected with:__Minimum data threshold:  -70.00__Maximum data threshold:  -34.00__Distance mode: GPS distance__Minimum total school height (meters):   3.00__Minimum candidate length (meters):   5.00__Minimum candidate height (meters):   3.00__Maximum vertical linking distance (meters):  10.00__Maximum horizontal linking distance (meters):  10.00__Minimum total school length (meters):   5.00__",58.342417,55.342417,67.328251,64.328251,0,0,1267,0,"",0.000000,0.000000,0.000000,-9.9e+37,-9.9e+37,-9.9e+37,-9.9e+37,-9.9e+37,-9.9e+37,61.800858,5.997366,0.836622,47.503508,0.021051
154,"Region 154","School detected",325,-64.818076,60.194595,-46.115924,-69.998100,-961.417047,0.000000,4.235193,60.083126,6956,9415,9569,9492,14.975561,15.253761,15.110669,0.000000,0.000000,0.000000,20110502, 18:29:22.2690,20110502, 18:32:05.5910,20110502, 18:30:45.4310,48.16115376,-122.71976048,48.16455399,-122.71513493,48.16286167,-122.71763667,68.443286,"12.1.64.44173",3,20220822, 13:49:20.5220,"C:\Users\JPeraza\Documents\UW Summer 2022\EV Files\Mobile\Turbulence Removed\NR.May.02_c.EV",0.030381,-9999.000000,-999.000000,1,-70.000000,1,-34.000000,1,6.750000,1,0.000000,521.797235,15.665832,5158.228646,2158.160738,0.00000090596468,13.689518,250.659725,1.760484,519.950962,15.281832,5153.768099,2097.810987,1007.566052,3.226507564e-07,-64.912673,280.788022,0.00000490375651,0.00000144368882,4831.782016,0.00000139657949,0.00000000000000,-58.5493434040,0,"Unassigned",100.000000,-40.000000,1.000000,47901.336384,47901.336384,4.235193,57.083126,65.443286,3.750000,0,17443.028499,0,120.000000,"","Variable name: 120 de-noised w/o turbulence 60m from bottom__School detected with:__Minimum data threshold:  -70.00__Maximum data threshold:  -34.00__Distance mode: GPS distance__Minimum total school height (meters):   3.00__Minimum candidate length (meters):   5.00__Minimum candidate height (meters):   3.00__Maximum vertical linking distance (meters):  10.00__Maximum horizontal linking distance (meters):  10.00__Minimum total school length (meters):   5.00__",62.941336,59.941336,84.387364,81.387364,0,0,6956,0,"",0.000000,0.000000,0.000000,-9.9e+37,-9.9e+37,-9.9e+37,-9.9e+37,-9.9e+37,-9.9e+37,61.312374,10.696231,0.799310,76.805167,0.013020
155,"Region 155","School detected",325,-67.696711,9.632104,-62.688007,-69.998346,-966.387897,0.000000,1.314923,40.193143,209,9570,9584,9577,15.257309,15.282772,15.269906,0.000000,0.000000,0.000000,20110502, 18:32:07.5940,20110502, 18:32:21.6230,20110502, 18:32:14.6090,48.16459863,-122.71507728,48.16489951,-122.71463107,48.16474822,-122.71485774,57.251237,"12.1.64.44173",3,20220822, 13:49:20.5220,"C:\Users\JPeraza\Documents\UW Summer 2022\EV Files\Mobile\Turbulence Removed\NR.May.02_c.EV",0.030381,-9999.000000,-999.000000,1,-70.000000,1,-34.000000,1,6.750000,1,0.000000,50.476259,3.114292,233.852599,66.430822,0.00000012332360,0.688978,0.641273,-0.775755,51.020461,2.730292,234.173004,58.867639,74.128835,1.506037939e-07,-68.221641,81.886117,0.00000012326772,0.00000005767212,47.278664,0.00000022347519,0.00000000000000,-66.5077068236,0,"Unassigned",100.000000,-40.000000,1.000000,7664.984622,7664.984622,1.314923,37.193143,54.251237,3.750000,0,221.855217,0,120.000000,"","Variable name: 120 de-noised w/o turbulence 60m from bottom__School detected with:__Minimum data threshold:  -70.00__Maximum data threshold:  -34.00__Distance mode: GPS distance__Minimum total school height (meters):   3.00__Minimum candidate length (meters):   5.00__Minimum candidate height (meters):   3.00__Maximum vertical linking distance (meters):  10.00__Maximum horizontal linking distance (meters):  10.00__Minimum total school length (meters):   5.00__",54.266513,51.266513,65.175912,62.175912,0,0,209,0,"",0.000000,0.000000,0.000000,13.470335,25.323459,16.316645,14.414059,26.739046,17.958727,40.122929,0.507794,0.808612,12.941950,0.077268
156,"Region 156","School detected",325,-54.183379,561.680885,-41.169910,-69.977825,-962.569090,0.000000,3.414568,52.435055,398,9573,9583,9578,15.262711,15.280997,15.271784,0.000000,0.000000,0.000000,20110502, 18:32:10.6010,20110502, 18:32:20.6210,20110502, 18:32:15.6110,48.16466212,-122.71498206,48.16487781,-122.71466111,48.16477042,-122.71482485,56.303467,"12.1.64.44173",3,20220822, 13:49:20.5220,"C:\Users\JPeraza\Documents\UW Summer 2022\EV Files\Mobile\Turbulence Removed\NR.May.02_c.EV",0.030381,-9999.000000,-999.000000,1,-70.000000,1,-34.000000,1,6.750000,1,0.000000,37.152923,9.342875,307.279207,127.573713,0.00000817142156,4.460937,26.338007,7.149210,30.601718,8.958875,293.408799,100.759723,67.990688,3.841816584e-06,-54.154634,212.696816,0.00004495120579,0.00001130645632,170.430831,0.00001303160207,0.00000000000000,-48.8500219016,0,"Unassigned",100.000000,-40.000000,1.000000,446971.446205,446971.446205,3.414568,49.435055,53.303467,3.750000,0,747.889022,0,120.000000,"","Variable name: 120 de-noised w/o turbulence 60m from bottom__School detected with:__Minimum data threshold:  -70.00__Maximum data threshold:  -34.00__Distance mode: GPS distance__Minimum total school height (meters):   3.00__Minimum candidate length (meters):   5.00__Minimum candidate height (meters):   3.00__Maximum vertical linking distance (meters):  10.00__Maximum horizontal linking distance (meters):  10.00__Minimum total school length (meters):   5.00__",54.585427,51.585427,59.123794,56.123794,0,0,398,0,"",0.000000,0.000000,0.000000,-9.9e+37,-9.9e+37,-9.9e+37,-9.9e+37,-9.9e+37,-9.9e+37,51.848499,3.986859,0.914573,6.739970,0.148369
157,"Region 157","School detected",325,-63.689603,125.356112,-47.019223,-69.998193,-962.854640,0.000000,6.801645,54.008495,16937,9583,9817,9700,15.280997,15.733987,15.507343,0.000000,0.000000,0.000000,20110502, 18:32:20.6210,20110502, 18:36:36.1150,20110502, 18:34:25.8690,48.16487781,-122.71466111,48.17017389,-122.70666634,48.16749837,-122.71062221,69.859302,"12.1.64.44173",3,20220822, 13:49:20.5220,"C:\Users\JPeraza\Documents\UW Summer 2022\EV Files\Mobile\Turbulence Removed\NR.May.02_c.EV",0.030381,-9999.000000,-999.000000,1,-70.000000,1,-34.000000,1,6.750000,1,0.000000,842.255458,18.119516,5924.140882,5622.868250,0.00000077270624,7.260695,89.068157,2.524182,839.875713,17.735516,5918.613392,5488.154542,507.929865,4.196150439e-07,-63.771490,184.146458,0.00000288789604,0.00000079451556,25267.504024,0.00000290839694,0.00000000000000,-55.3634632058,0,"Unassigned",100.000000,-40.000000,1.000000,99755.224340,99755.224340,6.801645,51.008495,66.859302,3.750000,0,33910.173477,0,120.000000,"","Variable name: 120 de-noised w/o turbulence 60m from bottom__School detected with:__Minimum data threshold:  -70.00__Maximum data threshold:  -34.00__Distance mode: GPS distance__Minimum total school height (meters):   3.00__Minimum candidate length (meters):   5.00__Minimum candidate height (meters):   3.00__Maximum vertical linking distance (meters):  10.00__Maximum horizontal linking distance (meters):  10.00__Minimum total school length (meters):   5.00__",53.210304,50.210304,84.482447,81.482447,0,0,16937,0,"",0.000000,0.000000,0.000000,-9.9e+37,-9.9e+37,-9.9e+37,-9.9e+37,-9.9e+37,-9.9e+37,53.869560,6.652190,0.789455,374.741429,0.002669
158,"Region 158","School detected",325,-57.317992,152.743590,-48.228191,-69.762903,-980.810581,0.000000,1.911043,10.860878,81,10333,10336,10334,16.734897,16.740099,16.736574,0.000000,0.000000,0.000000,20110502, 18:45:51.1960,20110502, 18:45:54.2020,20110502, 18:45:52.1970,48.17931360,-122.70220938,48.17925346,-122.70230250,48.17929476,-122.70224012,16.362259,"12.1.64.44173",3,20220822, 13:49:20.5220,"C:\Users\JPeraza\Documents\UW Summer 2022\EV Files\Mobile\Turbulence Removed\NR.May.02_c.EV",0.030381,-9999.000000,-999.000000,1,-70.000000,1,-34.000000,1,6.750000,1,0.000000,12.915265,3.869272,66.269304,24.572768,0.00000322185657,2.749988,7.256371,5.851905,11.805024,3.485272,63.280822,20.231358,15.751043,1.717331647e-06,-57.651458,187.608292,0.00000926471962,0.00000280306194,17.367017,0.00000354381596,0.00000000000000,-54.5052884000,0,"Unassigned",100.000000,-40.000000,1.000000,121549.486995,121549.486995,1.911043,7.860878,13.362259,3.750000,0,3.899298,0,120.000000,"","Variable name: 120 de-noised w/o turbulence 60m from bottom__School detected with:__Minimum data threshold:  -70.00__Maximum data threshold:  -34.00__Distance mode: GPS distance__Minimum total school height (meters):   3.00__Minimum candidate length (meters):   5.00__Minimum candidate height (meters):   3.00__Maximum vertical linking distance (meters):  10.00__Maximum horizontal linking distance (meters):  10.00__Minimum total school length (meters):   5.00__",16.098140,13.098140,16.545645,13.545645,0,0,81,0,"",0.000000,0.000000,0.000000,3.872466,4.939709,4.302501,4.910563,7.294232,6.331509,11.115506,0.272044,1.000000,1.919985,0.520837
159,"Region 159","School detected",325,-66.786960,17.576983,-57.491732,-69.995372,-962.220579,0.000000,1.946026,56.996682,598,10501,10529,10515,17.043885,17.097997,17.070875,0.000000,0.000000,0.000000,20110502, 18:48:39.5410,20110502, 18:49:07.5980,20110502, 18:48:53.5700,48.17570298,-122.70767885,48.17504171,-122.70859257,48.17536908,-122.70812801,58.945788,"12.1.64.44173",3,20220822, 13:49:20.5220,"C:\Users\JPeraza\Documents\UW Summer 2022\EV Files\Mobile\Turbulence Removed\NR.May.02_c.EV",0.030381,-9999.000000,-999.000000,1,-70.000000,1,-34.000000,1,6.750000,1,0.000000,103.476067,6.511701,505.536535,201.847585,0.00000021418585,2.779250,14.093690,0.179360,103.297643,6.127701,504.411688,189.616957,106.778360,1.975482712e-07,-67.043268,108.422034,0.00000040746429,0.00000018444960,248.199682,0.00000040780497,0.00000000000000,-63.8954748994,0,"Unassigned",100.000000,-40.000000,1.000000,13987.319020,13987.319020,1.946026,53.996682,55.945788,3.750000,0,1338.426098,0,120.000000,"","Variable name: 120 de-noised w/o turbulence 60m from bottom__School detected with:__Minimum data threshold:  -70.00__Maximum data threshold:  -34.00__Distance mode: GPS distance__Minimum total school height (meters):   3.00__Minimum candidate length (meters):   5.00__Minimum candidate height (meters):   3.00__Maximum vertical linking distance (meters):  10.00__Maximum horizontal linking distance (meters):  10.00__Minimum total school length (meters):   5.00__",56.156169,53.156169,61.070951,58.070951,0,0,598,0,"",0.000000,0.000000,0.000000,-9.9e+37,-9.9e+37,-9.9e+37,-9.9e+37,-9.9e+37,-9.9e+37,57.253279,2.152473,0.777592,27.624685,0.036200
160,"Region 160","School detected",325,-63.176393,182.442940,-45.304549,-69.999422,-963.229973,0.000000,8.795784,51.649565,26190,10544,10824,10684,17.126570,17.722661,17.391584,0.000000,0.000000,0.000000,20110502, 18:49:22.6280,20110502, 18:54:46.1970,20110502, 18:51:44.9120,48.17471403,-122.70910709,48.16777698,-122.71966658,48.17168994,-122.71388496,71.606758,"12.1.64.44173",3,20220822, 13:49:20.5220,"C:\Users\JPeraza\Documents\UW Summer 2022\EV Files\Mobile\Turbulence Removed\NR.May.02_c.EV",0.030381,-9999.000000,-999.000000,1,-70.000000,1,-34.000000,1,6.750000,1,0.000000,1107.130966,30.199194,9582.269912,9562.117594,0.00000091593391,9.242981,154.122960,2.842262,1104.568269,29.815194,9576.376519,9418.677635,774.823224,4.761694824e-07,-63.222384,192.354602,0.00000332825064,0.00000099406002,48317.262910,0.00000423287291,0.00000000000000,-53.7336477102,0,"Unassigned",100.000000,-40.000000,1.000000,145183.479038,145183.479038,8.795784,48.649565,68.606758,3.750000,0,48142.747840,0,120.000000,"","Variable name: 120 de-noised w/o turbulence 60m from bottom__School detected with:__Minimum data threshold:  -70.00__Maximum data threshold:  -34.00__Distance mode: GPS distance__Minimum total school height (meters):   3.00__Minimum candidate length (meters):   5.00__Minimum candidate height (meters):   3.00__Maximum vertical linking distance (meters):  10.00__Maximum horizontal linking distance (meters):  10.00__Minimum total school length (meters):   5.00__",62.052154,59.052154,101.714911,98.714911,0,0,26190,0,"",0.000000,0.000000,0.000000,0.547789,57.143833,14.161058,9.158711,57.898813,25.586173,50.008161,43.240322,0.806147,534.709749,0.001870
161,"Region 161","School detected",325,-66.822762,8.854426,-62.416487,-69.999382,-961.775768,0.000000,0.988428,54.829461,199,10823,10841,10832,17.720893,17.758032,17.738514,0.000000,0.000000,0.000000,20110502, 18:54:45.1950,20110502, 18:55:06.2320,20110502, 18:54:55.2150,48.16779743,-122.71963491,48.16737950,-122.72031546,48.16759485,-122.71995192,104.245914,"12.1.64.44173",3,20220822, 13:49:20.5220,"C:\Users\JPeraza\Documents\UW Summer 2022\EV Files\Mobile\Turbulence Removed\NR.May.02_c.EV",0.030381,-9999.000000,-999.000000,1,-70.000000,1,-34.000000,1,6.750000,1,0.000000,71.990403,3.397409,366.138862,72.902782,0.00000010985409,1.192812,1.322189,0.192964,71.805745,3.013409,365.001546,64.496915,164.376830,1.847863648e-07,-67.333301,59.449238,0.00000012685284,0.00000004712915,33.842549,0.00000020543224,0.00000000000000,-66.8733140650,0,"Unassigned",100.000000,-40.000000,1.000000,7046.128575,7046.128575,0.988428,51.829461,101.245914,3.750000,0,410.149967,0,120.000000,"","Variable name: 120 de-noised w/o turbulence 60m from bottom__School detected with:__Minimum data threshold:  -70.00__Maximum data threshold:  -34.00__Distance mode: GPS distance__Minimum total school height (meters):   3.00__Minimum candidate length (meters):   5.00__Minimum candidate height (meters):   3.00__Maximum vertical linking distance (meters):  10.00__Maximum horizontal linking distance (meters):  10.00__Minimum total school length (meters):   5.00__",101.085992,98.085992,106.749218,103.749218,0,0,199,0,"",0.000000,0.000000,0.000000,46.762861,52.791587,48.971010,46.888921,53.684618,50.336928,54.893811,0.557916,0.974874,14.695284,0.068049
162,"Region 162","School detected",325,-66.875583,11.616563,-61.386853,-69.977367,-962.611487,0.000000,1.312635,52.007999,306,10844,10865,10854,17.763390,17.801754,17.780927,0.000000,0.000000,0.000000,20110502, 18:55:09.2380,20110502, 18:55:31.2820,20110502, 18:55:19.2580,48.16732252,-122.72041802,48.16690663,-122.72113921,48.16714220,-122.72076055,93.121723,"12.1.64.44173",3,20220822, 13:49:20.5220,"C:\Users\JPeraza\Documents\UW Summer 2022\EV Files\Mobile\Turbulence Removed\NR.May.02_c.EV",0.030381,-9999.000000,-999.000000,1,-70.000000,1,-34.000000,1,6.750000,1,0.000000,74.090948,4.718624,444.832236,101.826945,0.00000012650563,1.257605,2.156751,0.125143,73.977354,4.334624,443.837048,93.396890,167.843614,1.889200140e-07,-67.237220,66.962532,0.00000013234468,0.00000007145554,51.867000,0.00000026951679,0.00000000000000,-65.6941417824,0,"Unassigned",100.000000,-40.000000,1.000000,9244.167200,9244.167200,1.312635,49.007999,90.121723,3.750000,0,563.997666,0,120.000000,"","Variable name: 120 de-noised w/o turbulence 60m from bottom__School detected with:__Minimum data threshold:  -70.00__Maximum data threshold:  -34.00__Distance mode: GPS distance__Minimum total school height (meters):   3.00__Minimum candidate length (meters):   5.00__Minimum candidate height (meters):   3.00__Maximum vertical linking distance (meters):  10.00__Maximum horizontal linking distance (meters):  10.00__Minimum total school length (meters):   5.00__",90.834726,87.834726,99.589739,96.589739,0,0,306,0,"",0.000000,0.000000,0.000000,37.568886,46.619511,40.147206,39.185713,46.713883,42.094710,52.063820,0.946917,0.934641,20.950845,0.047731
163,"Region 163","School detected",325,-67.155579,5.823798,-62.369451,-69.936577,-961.429184,0.000000,0.701895,56.843068,119,10897,10912,10904,17.860523,17.888456,17.874478,0.000000,0.000000,0.000000,20110502, 18:56:05.3500,20110502, 18:56:21.3790,20110502, 18:56:13.3630,48.16616193,-122.72208263,48.16580976,-122.72253469,48.16598654,-122.72230936,82.994283,"12.1.64.44173",3,20220822, 13:49:20.5220,"C:\Users\JPeraza\Documents\UW Summer 2022\EV Files\Mobile\Turbulence Removed\NR.May.02_c.EV",0.030381,-9999.000000,-999.000000,1,-70.000000,1,-34.000000,1,6.750000,1,0.000000,55.010427,3.019919,172.271658,41.577498,0.00000011413432,1.238412,1.714243,-0.088243,55.097973,2.635919,171.678749,36.348436,64.526408,1.682943455e-07,-67.739305,67.818277,0.00000010705264,0.00000007418378,20.354918,0.00000013511840,0.00000000000000,-68.6928550499,0,"Unassigned",100.000000,-40.000000,1.000000,4634.431477,4634.431477,0.701895,53.843068,79.994283,3.750000,0,264.708006,0,120.000000,"","Variable name: 120 de-noised w/o turbulence 60m from bottom__School detected with:__Minimum data threshold:  -70.00__Maximum data threshold:  -34.00__Distance mode: GPS distance__Minimum total school height (meters):   3.00__Minimum candidate length (meters):   5.00__Minimum candidate height (meters):   3.00__Maximum vertical linking distance (meters):  10.00__Maximum horizontal linking distance (meters):  10.00__Minimum total school length (meters):   5.00__",82.334869,79.334869,84.047561,81.047561,0,0,119,0,"",0.000000,0.000000,0.000000,24.803734,27.150094,26.019123,25.799450,27.527584,26.844882,56.781554,0.686028,0.949580,8.327614,0.120082
164,"Region 164","School detected",325,-66.760384,8.576277,-62.646518,-69.987019,-961.965798,0.000000,0.943725,53.781831,70,11208,11214,11211,18.450381,18.460434,18.455440,0.000000,0.000000,0.000000,20110502, 19:01:48.9940,20110502, 19:01:55.0070,20110502, 19:01:52.0000,48.16933427,-122.72616366,48.16945427,-122.72598942,48.16939414,-122.72607521,93.785808,"12.1.64.44173",3,20220822, 13:49:20.5220,"C:\Users\JPeraza\Documents\UW Summer 2022\EV Files\Mobile\Turbulence Removed\NR.May.02_c.EV",0.030381,-9999.000000,-999.000000,1,-70.000000,1,-34.000000,1,6.750000,1,0.000000,21.745901,3.114292,119.880992,20.443195,0.00000009742398,1.090150,1.737988,0.715444,21.074327,2.730292,117.769842,17.369000,63.545310,1.874548182e-07,-67.271034,51.971980,0.00000008698852,0.00000006084687,11.961317,0.00000019897888,0.00000000000000,-67.0119301383,0,"Unassigned",100.000000,-40.000000,1.000000,6824.784717,6824.784717,0.943725,50.781831,90.785808,3.750000,0,138.511722,0,120.000000,"","Variable name: 120 de-noised w/o turbulence 60m from bottom__School detected with:__Minimum data threshold:  -70.00__Maximum data threshold:  -34.00__Distance mode: GPS distance__Minimum total school height (meters):   3.00__Minimum candidate length (meters):   5.00__Minimum candidate height (meters):   3.00__Maximum vertical linking distance (meters):  10.00__Maximum horizontal linking distance (meters):  10.00__Minimum total school length (meters):   5.00__",93.142326,90.142326,94.369152,91.369152,0,0,70,0,"",0.000000,0.000000,0.000000,38.190276,39.761096,39.009022,39.134001,42.403525,40.923435,53.851943,0.649169,0.985714,5.457512,0.183234
165,"Region 165","School detected",325,-60.936298,233.029087,-42.493550,-69.999822,-962.608067,0.000000,6.707306,53.978837,32267,11251,11704,11477,18.526767,19.364875,18.947095,0.000000,0.000000,0.000000,20110502, 19:02:35.0820,20110502, 19:11:11.0090,20110502, 19:06:57.5460,48.17031210,-122.72495510,48.18040794,-122.71064552,48.17537667,-122.71779167,67.663562,"12.1.64.44173",3,20220822, 13:49:20.5220,"C:\Users\JPeraza\Documents\UW Summer 2022\EV Files\Mobile\Turbulence Removed\NR.May.02_c.EV",0.030381,-9999.000000,-999.000000,1,-70.000000,1,-34.000000,1,6.750000,1,0.000000,1555.177828,20.478828,8881.174319,10262.714597,0.00000181097623,8.617272,125.828795,4.079347,1551.333016,20.094828,8872.716695,10045.381291,623.644275,7.927877099e-07,-61.008431,228.431421,0.00000684620340,0.00000192586621,56310.437487,0.00000540652605,0.00000000000000,-52.6708170045,0,"Unassigned",100.000000,-40.000000,1.000000,185438.655477,185438.655477,6.707306,50.978837,64.663562,3.750000,0,64638.016938,0,120.000000,"","Variable name: 120 de-noised w/o turbulence 60m from bottom__School detected with:__Minimum data threshold:  -70.00__Maximum data threshold:  -34.00__Distance mode: GPS distance__Minimum total school height (meters):   3.00__Minimum candidate length (meters):   5.00__Minimum candidate height (meters):   3.00__Maximum vertical linking distance (meters):  10.00__Maximum horizontal linking distance (meters):  10.00__Minimum total school length (meters):   5.00__",52.334014,49.334014,93.917831,90.917831,0,0,32267,0,"",0.000000,0.000000,0.000000,-9.9e+37,-9.9e+37,-9.9e+37,-9.9e+37,-9.9e+37,-9.9e+37,54.109907,7.461531,0.828927,503.537693,0.001986
166,"Region 166","School detected",325,-66.863628,10.794185,-59.811504,-69.991337,-966.859597,0.000000,1.216356,36.233757,232,11519,11536,11527,19.026662,19.057267,19.041946,0.000000,0.000000,0.000000,20110502, 19:07:45.6310,20110502, 19:08:03.6650,20110502, 19:07:54.6460,48.17634769,-122.71645041,48.17674158,-122.71597110,48.17654801,-122.71621856,58.265943,"12.1.64.44173",3,20220822, 13:49:20.5220,"C:\Users\JPeraza\Documents\UW Summer 2022\EV Files\Mobile\Turbulence Removed\NR.May.02_c.EV",0.030381,-9999.000000,-999.000000,1,-70.000000,1,-34.000000,1,6.750000,1,0.000000,59.763226,4.058017,435.624863,71.342768,0.00000014275048,2.507813,9.219212,0.114752,59.690657,3.674017,434.711725,64.513348,233.100533,1.866592580e-07,-67.289505,76.476508,0.00000014354727,0.00000009222672,24.214964,0.00000025043674,0.00000000000000,-66.0130196267,0,"Unassigned",100.000000,-40.000000,1.000000,8589.739783,8589.739783,1.216356,33.233757,55.265943,3.750000,0,196.710099,0,120.000000,"","Variable name: 120 de-noised w/o turbulence 60m from bottom__School detected with:__Minimum data threshold:  -70.00__Maximum data threshold:  -34.00__Distance mode: GPS distance__Minimum total school height (meters):   3.00__Minimum candidate length (meters):   5.00__Minimum candidate height (meters):   3.00__Maximum vertical linking distance (meters):  10.00__Maximum horizontal linking distance (meters):  10.00__Minimum total school length (meters):   5.00__",56.708800,53.708800,60.194723,57.194723,0,0,232,0,"",0.000000,0.000000,0.000000,19.316437,23.470972,20.956303,20.442501,24.413942,22.985312,36.200563,0.787248,0.956897,14.807177,0.067535
167,"Region 167","School detected",325,-53.918415,610.516480,-40.102543,-69.989480,-967.003922,0.000000,3.491782,35.420135,296,12083,12090,12086,20.137152,20.151479,20.142456,0.000000,0.000000,0.000000,20110502, 19:18:34.7870,20110502, 19:18:42.8010,20110502, 19:18:37.7920,48.18461763,-122.71306392,48.18444629,-122.71331175,48.18455253,-122.71315304,40.635621,"12.1.64.44173",3,20220822, 13:49:20.5220,"C:\Users\JPeraza\Documents\UW Summer 2022\EV Files\Mobile\Turbulence Removed\NR.May.02_c.EV",0.030381,-9999.000000,-999.000000,1,-70.000000,1,-34.000000,1,6.750000,1,0.000000,29.809481,7.738543,155.386608,103.808265,0.00001035713909,6.438961,47.424388,7.185593,25.361531,7.354543,145.722708,83.936233,20.132380,4.020419766e-06,-53.957286,257.613376,0.00007093230488,0.00001008633419,197.507440,0.00001416464052,0.00000000000000,-48.4879444268,0,"Unassigned",100.000000,-40.000000,1.000000,485833.578135,485833.578135,3.491782,32.420135,37.635621,3.750000,0,239.340197,0,120.000000,"","Variable name: 120 de-noised w/o turbulence 60m from bottom__School detected with:__Minimum data threshold:  -70.00__Maximum data threshold:  -34.00__Distance mode: GPS distance__Minimum total school height (meters):   3.00__Minimum candidate length (meters):   5.00__Minimum candidate height (meters):   3.00__Maximum vertical linking distance (meters):  10.00__Maximum horizontal linking distance (meters):  10.00__Minimum total school length (meters):   5.00__",37.957092,34.957092,43.792488,40.792488,0,0,296,0,"",0.000000,0.000000,0.000000,1.751105,5.261250,3.307632,6.220672,7.620562,7.165107,35.360893,1.380142,0.979730,3.726205,0.268370
168,"Region 168","School detected",325,-59.593664,422.213053,-41.082310,-69.996774,-962.857169,0.000000,8.920850,51.934593,8413,12133,12221,12177,20.233170,20.405303,20.319007,0.000000,0.000000,0.000000,20110502, 19:19:28.8880,20110502, 19:21:07.0640,20110502, 19:20:17.9760,48.18355711,-122.71484975,48.18148574,-122.71779847,48.18251361,-122.71630110,69.598065,"12.1.64.44173",3,20220822, 13:49:20.5220,"C:\Users\JPeraza\Documents\UW Summer 2022\EV Files\Mobile\Turbulence Removed\NR.May.02_c.EV",0.030381,-9999.000000,-999.000000,1,-70.000000,1,-34.000000,1,6.750000,1,0.000000,322.302610,28.217371,4102.437425,2856.371203,0.00000256463097,9.215262,171.831165,4.747423,317.996941,27.833371,4093.058087,2779.860652,479.582057,1.091746803e-06,-59.618781,234.910784,0.00001029229376,0.00000293151286,18808.854106,0.00000979579801,0.00000000000000,-50.0896017854,0,"Unassigned",100.000000,-40.000000,1.000000,335986.472135,335986.472135,8.920850,48.934593,66.598065,3.750000,0,15659.560639,0,120.000000,"","Variable name: 120 de-noised w/o turbulence 60m from bottom__School detected with:__Minimum data threshold:  -70.00__Maximum data threshold:  -34.00__Distance mode: GPS distance__Minimum total school height (meters):   3.00__Minimum candidate length (meters):   5.00__Minimum candidate height (meters):   3.00__Maximum vertical linking distance (meters):  10.00__Maximum horizontal linking distance (meters):  10.00__Minimum total school length (meters):   5.00__",59.880627,56.880627,75.594468,72.594468,0,0,8413,0,"",0.000000,0.000000,0.000000,9.257952,17.811244,11.775607,13.245510,31.752678,23.444924,51.333857,30.117598,0.861048,123.013816,0.008129
169,"Region 169","School detected",325,-65.206830,94.055235,-54.188254,-69.998824,-962.933800,0.000000,7.237259,53.915545,26074,12231,12570,12400,20.424935,21.095623,20.780241,0.000000,0.000000,0.000000,20110502, 19:21:18.0830,20110502, 19:27:46.8690,20110502, 19:24:45.4250,48.18126370,-122.71815665,48.17352492,-122.73006383,48.17716845,-122.72445420,69.833544,"12.1.64.44173",3,20220822, 13:49:20.5220,"C:\Users\JPeraza\Documents\UW Summer 2022\EV Files\Mobile\Turbulence Removed\NR.May.02_c.EV",0.030381,-9999.000000,-999.000000,1,-70.000000,1,-34.000000,1,6.750000,1,0.000000,1245.285094,20.950691,10081.492369,9212.357050,0.00000034865684,2.643803,11.060554,1.453570,1243.917206,20.566691,10077.988593,9033.572174,894.701864,2.963633193e-07,-65.281755,117.645071,0.00000078985774,0.00000027466375,50504.750308,0.00000218218286,0.00000000000000,-56.6110886044,0,"Unassigned",100.000000,-40.000000,1.000000,74846.778033,74846.778033,7.237259,50.915545,66.833544,3.750000,0,52110.284732,0,120.000000,"","Variable name: 120 de-noised w/o turbulence 60m from bottom__School detected with:__Minimum data threshold:  -70.00__Maximum data threshold:  -34.00__Distance mode: GPS distance__Minimum total school height (meters):   3.00__Minimum candidate length (meters):   5.00__Minimum candidate height (meters):   3.00__Maximum vertical linking distance (meters):  10.00__Maximum horizontal linking distance (meters):  10.00__Minimum total school length (meters):   5.00__",57.134253,54.134253,78.377696,75.377696,0,0,26074,0,"",0.000000,0.000000,0.000000,-9.9e+37,-9.9e+37,-9.9e+37,-9.9e+37,-9.9e+37,-9.9e+37,54.244493,12.421606,0.772570,1052.897666,0.000950
