Region_ID,Region_name,Region_class,Process_ID,Interval,Layer,Sv_mean,Sv_max,Sv_min,Sv_noise,Height_mean,Depth_mean,Good_samples,PRC_NASC,Layer_depth_min,Layer_depth_max,Ping_S,Ping_E,Ping_M,Dist_S,Dist_E,Dist_M,VL_start,VL_end,VL_mid,Date_S,Time_S,Date_E,Time_E,Date_M,Time_M,Lat_S,Lon_S,Lat_E,Lon_E,Lat_M,Lon_M,Exclude_below_line_depth_mean,Program_version,Processing_version,Processing_date,Processing_time,EV_filename,Alpha,Gain_constant,Noise_Sv_1m,Minimum_Sv_threshold_applied,Minimum_integration_threshold,Maximum_Sv_threshold_applied,Maximum_integration_threshold,Exclude_above_line_applied,Exclude_above_line_depth_mean,Exclude_below_line_applied,Bottom_offset,Standard_deviation,Skewness,Kurtosis,PRC_ABC,Species_Id,Species_name,Species_percent,Species_TS,Species_weight,Density_number,Density_weight,Thickness_mean,Range_mean,Exclude_below_line_range_mean,Exclude_above_line_range_mean,Bad_data_no_data_samples,Beam_volume_sum,No_data_samples,Frequency,Region_notes,Region_detection_settings,Grid_reference_line,Layer_top_to_reference_line_depth,Layer_top_to_reference_line_range,Layer_bottom_to_reference_line_depth,Layer_bottom_to_reference_line_range,Exclude_below_line_depth_min,Exclude_below_line_range_min,Exclude_below_line_depth_max,Exclude_below_line_range_max,Samples_Below_Bottom_Exclusion,Samples_Above_Surface_Exclusion,Samples_In_Domain,Bad_data_empty_water_samples,Bottom_roughness_normalized,Bottom_hardness_normalized,First_bottom_length_normalized,Second_bottom_length_normalized,Bottom_rise_time_normalized,Heave_source,Heave_min,Heave_max,Bottom_line_depth_mean,Bottom_max_sv,Bottom_kurtosis,Bottom_skewness,Heave_mean,Region_bottom_altitude_min,Region_bottom_altitude_max,Region_bottom_altitude_mean,Region_top_altitude_min,Region_top_altitude_max,Region_top_altitude_mean,Center_of_mass,Inertia,Proportion_occupied,Equivalent_area,Aggregation_index
91,GRID_A_N_5_09_12,North Grid,868,311,1,-74.350513,-54.982842,-69.998075,-968.350652,24.99995,53.911049,7133,18.421095,0,150,21948,21974,21961,43463.56348,43537.22346,43498.43823,0,0,0,20110509, 11:53:10.5970,20110509, 11:53:36.6540,20110509, 11:53:23.6260,48.17043,-122.7360233,48.17087833,-122.735305,48.17063,-122.7356683,66.405023,12.1.64.44173,3,20220907, 15:57:53.9700,C:\Users\JPeraza\Documents\UW Summer 2022\EV Files\Mobile\Turbulence Removed\NR.May.09_c.EV,0.031685,-9999,-999,1,-70,1,-34,1,6.75,1,0,1.35516E-07,9.553027,141.000467,4.27389E-07,1,Pacific herring,100,-41.31,1,19820.08798,19820.08798,24.99995,50.911049,63.405023,3.75,0,14507.02097,9893,120,,,Surface (depth of zero),0,-3,150,147,65.844418,62.844418,66.809403,63.809403,23852,1053,41931,0,-9999,-9999,-9999,-9999,-9999,,0,0,-9999,-9999,-9999,-9999,0,-9.90E+37,-9.90E+37,-9.90E+37,-9.90E+37,-9.90E+37,-9.90E+37,61.919793,22.695545,0.154633,46.184553,0.021652
91,GRID_A_N_5_09_12,North Grid,868,312,1,-69.284428,-46.307695,-69.998921,-969.096034,25.007029,54.636994,13213,127.089923,0,150,21975,22024,21999,43540.22046,43679.32753,43607.42815,0,0,0,20110509, 11:53:37.6560,20110509, 11:54:26.7610,20110509, 11:54:01.7050,48.170895,-122.7352733,48.17159667,-122.7337317,48.17123167,-122.7345267,67.130942,12.1.64.44173,3,20220907, 15:57:53.9700,C:\Users\JPeraza\Documents\UW Summer 2022\EV Files\Mobile\Turbulence Removed\NR.May.09_c.EV,0.031685,-9999,-999,1,-70,1,-34,1,6.75,1,0,7.42524E-07,14.408409,301.92505,2.94862E-06,1,Pacific herring,100,-41.31,1,136741.7871,136741.7871,25.007029,51.636994,64.130942,3.75,0,27628.98754,18702,120,,,Surface (depth of zero),0,-3,150,147,66.756603,63.756603,67.469324,64.469324,43785,1950,77650,0,-9999,-9999,-9999,-9999,-9999,,0,0,-9999,-9999,-9999,-9999,0,-9.90E+37,-9.90E+37,-9.90E+37,-9.90E+37,-9.90E+37,-9.90E+37,66.084812,3.970901,0.110422,30.756817,0.032513
91,GRID_A_N_5_09_12,North Grid,868,313,1,-71.834902,-45.475093,-69.995598,-972.36202,25.000031,54.554783,11360,70.622361,0,150,22025,22067,22046,43682.25278,43816.984,43747.08113,0,0,0,20110509, 11:54:27.7630,20110509, 11:55:10.8520,20110509, 11:54:48.8070,48.1716119,-122.7336996,48.17248938,-122.7324623,48.17202495,-122.7330897,67.053106,12.1.64.44173,3,20220907, 15:57:53.9700,C:\Users\JPeraza\Documents\UW Summer 2022\EV Files\Mobile\Turbulence Removed\NR.May.09_c.EV,0.031685,-9999,-999,1,-70,1,-34,1,6.75,1,0,6.52728E-07,20.930225,618.179576,1.63851E-06,1,Pacific herring,100,-41.31,1,75985.78718,75985.78718,25.000031,51.554783,64.053106,3.75,0,23680.15596,16048,120,,,Surface (depth of zero),0,-3,150,147,66.671701,63.671701,67.493927,64.493927,37694,1677,66779,0,-9999,-9999,-9999,-9999,-9999,,0,0,-9999,-9999,-9999,-9999,0,-9.90E+37,-9.90E+37,-9.90E+37,-9.90E+37,-9.90E+37,-9.90E+37,66.293647,5.626382,0.052817,10.731111,0.093187
91,GRID_A_N_5_09_12,North Grid,868,314,1,-83.058042,-52.201879,-69.979382,-977.960861,24.996826,52.222885,12151,5.328102,0,150,22068,22113,22090,43820.57896,43959.58328,43890.13319,0,0,0,20110509, 11:55:11.8530,20110509, 11:55:56.9520,20110509, 11:55:33.9030,48.17251631,-122.7324356,48.17335544,-122.7310682,48.17295871,-122.7317859,64.720632,12.1.64.44173,3,20220907, 15:57:53.9700,C:\Users\JPeraza\Documents\UW Summer 2022\EV Files\Mobile\Turbulence Removed\NR.May.09_c.EV,0.031685,-9999,-999,1,-70,1,-34,1,6.75,1,0,1.00863E-07,50.584617,2849.473673,1.23618E-07,1,Pacific herring,100,-41.31,1,5732.745124,5732.745124,24.996826,49.222885,61.720632,3.75,0,23173.99623,16035,120,,,Surface (depth of zero),0,-3,150,147,61.453884,58.453884,67.032593,64.032593,41458,1794,71438,0,-9999,-9999,-9999,-9999,-9999,,0,0,-9999,-9999,-9999,-9999,0,-9.90E+37,-9.90E+37,-9.90E+37,-9.90E+37,-9.90E+37,-9.90E+37,61.156263,20.513328,0.016213,2.757791,0.362609
91,GRID_A_N_5_09_12,North Grid,868,315,1,-78.208153,-53.968084,-69.997657,-973.965627,24.994254,51.113012,12678,16.27484,0,150,22114,22161,22137,43962.45765,44099.67434,44029.55403,0,0,0,20110509, 11:55:57.9540,20110509, 11:56:45.0530,20110509, 11:56:21.0010,48.17337096,-122.7310375,48.17410124,-122.7295609,48.1737231,-122.7303082,63.609755,12.1.64.44173,3,20220907, 15:57:53.9700,C:\Users\JPeraza\Documents\UW Summer 2022\EV Files\Mobile\Turbulence Removed\NR.May.09_c.EV,0.031685,-9999,-999,1,-70,1,-34,1,6.75,1,0,1.34303E-07,16.5502,350.552052,3.77594E-07,1,Pacific herring,100,-41.31,1,17510.83573,17510.83573,24.994254,48.113012,60.609755,3.75,0,23175.17015,16170,120,,,Surface (depth of zero),0,-3,150,147,60.185713,57.185713,68.684996,65.684996,43824,1872,74544,0,-9999,-9999,-9999,-9999,-9999,,0,0,-9999,-9999,-9999,-9999,0,-9.90E+37,-9.90E+37,-9.90E+37,-9.90E+37,-9.90E+37,-9.90E+37,65.501697,18.89105,0.036835,14.991657,0.066704
91,GRID_A_N_5_09_12,North Grid,868,316,1,-65.915738,-45.517714,-69.998921,-966.425244,24.995944,61.460808,11094,275.922797,0,150,22162,22203,22182,44102.94054,44231.80018,44165.5906,0,0,0,20110509, 11:56:46.0550,20110509, 11:57:27.1450,20110509, 11:57:06.1010,48.1741234,-122.7295322,48.17494658,-122.7283273,48.17452616,-122.7289499,73.967936,12.1.64.44173,3,20220907, 15:57:53.9700,C:\Users\JPeraza\Documents\UW Summer 2022\EV Files\Mobile\Turbulence Removed\NR.May.09_c.EV,0.031685,-9999,-999,1,-70,1,-34,1,6.75,1,0,1.11633E-06,8.011844,102.831989,6.40171E-06,1,Pacific herring,100,-41.31,1,296877.7975,296877.7975,24.995944,58.460808,70.967936,3.75,0,29672.44991,18741,120,,,Surface (depth of zero),0,-3,150,147,68.585176,65.585176,76.971549,73.971549,33753,1638,65226,0,-9999,-9999,-9999,-9999,-9999,,0,0,-9999,-9999,-9999,-9999,0,-9.90E+37,-9.90E+37,-9.90E+37,-9.90E+37,-9.90E+37,-9.90E+37,73.38632,8.653997,0.146656,52.498502,0.019048
91,GRID_A_N_5_09_12,North Grid,868,317,1,-75.352763,-55.254153,-69.998921,-969.145759,25.002232,62.399096,11361,31.419142,0,150,22204,22246,22225,44242.08928,44378.43931,44310.5155,0,0,0,20110509, 11:57:30.1470,20110509, 11:58:12.2370,20110509, 11:57:51.1920,48.17502081,-122.7282462,48.17589256,-122.7269711,48.17547349,-122.7276318,74.89304,12.1.64.44173,3,20220907, 15:57:53.9700,C:\Users\JPeraza\Documents\UW Summer 2022\EV Files\Mobile\Turbulence Removed\NR.May.09_c.EV,0.031685,-9999,-999,1,-70,1,-34,1,6.75,1,0,1.12676E-07,10.214,170.422565,7.28958E-07,1,Pacific herring,100,-41.31,1,33805.27331,33805.27331,25.002232,59.399096,71.89304,3.75,0,31296.51902,19612,120,,,Surface (depth of zero),0,-3,150,147,73.445116,70.445116,76.640936,73.640936,34129,1677,66779,0,-9999,-9999,-9999,-9999,-9999,,0,0,-9999,-9999,-9999,-9999,0,-9.90E+37,-9.90E+37,-9.90E+37,-9.90E+37,-9.90E+37,-9.90E+37,62.222326,75.505234,0.128422,67.47162,0.014821
91,GRID_A_N_5_09_12,North Grid,868,318,1,-81.690473,-59.275772,-69.980758,-973.977059,24.99783,59.536195,11359,7.300403,0,150,22247,22289,22268,44381.42641,44519.5786,44450.45462,0,0,0,20110509, 11:58:13.2390,20110509, 11:58:55.3270,20110509, 11:58:34.2840,48.17590981,-122.7269404,48.17675193,-122.725585,48.1763431,-122.7262798,72.035156,12.1.64.44173,3,20220907, 15:57:53.9700,C:\Users\JPeraza\Documents\UW Summer 2022\EV Files\Mobile\Turbulence Removed\NR.May.09_c.EV,0.031685,-9999,-999,1,-70,1,-34,1,6.75,1,0,4.15405E-08,9.586249,142.032167,1.69377E-07,1,Pacific herring,100,-41.31,1,7854.833697,7854.833697,24.99783,56.536195,69.035156,3.75,0,28402.62801,18312,120,,,Surface (depth of zero),0,-3,150,147,69.73124,66.73124,74.375023,71.375023,35431,1677,66779,0,-9999,-9999,-9999,-9999,-9999,,0,0,-9999,-9999,-9999,-9999,0,-9.90E+37,-9.90E+37,-9.90E+37,-9.90E+37,-9.90E+37,-9.90E+37,63.631054,89.034175,0.036095,27.859062,0.035895
91,GRID_A_N_5_09_12,North Grid,868,319,1,-80.039362,-57.34091,-69.98979,-973.939454,25.002703,56.302779,11097,10.679296,0,150,22290,22331,22310,44522.84328,44657.18968,44590.69048,0,0,0,20110509, 11:58:56.3290,20110509, 11:59:37.4130,20110509, 11:59:16.3700,48.17677156,-122.7255524,48.17764124,-122.7243163,48.17723757,-122.7249706,68.800026,12.1.64.44173,3,20220907, 15:57:53.9700,C:\Users\JPeraza\Documents\UW Summer 2022\EV Files\Mobile\Turbulence Removed\NR.May.09_c.EV,0.031685,-9999,-999,1,-70,1,-34,1,6.75,1,0,7.09359E-08,10.554658,149.293472,2.47771E-07,1,Pacific herring,100,-41.31,1,11490.33651,11490.33651,25.002703,53.302779,65.800026,3.75,0,24696.97769,16450,120,,,Surface (depth of zero),0,-3,150,147,68.28038,65.28038,69.563626,66.563626,36041,1638,65226,0,-9999,-9999,-9999,-9999,-9999,,0,0,-9999,-9999,-9999,-9999,0,-9.90E+37,-9.90E+37,-9.90E+37,-9.90E+37,-9.90E+37,-9.90E+37,68.22045,2.414854,0.030188,20.103698,0.049742
91,GRID_A_N_5_09_12,North Grid,868,320,1,-95.24459,-62.6884,-69.976005,-987.994571,25.005557,54.235418,11891,0.322158,0,150,22332,22376,22354,44660.3138,44799.23749,44729.2346,0,0,0,20110509, 11:59:38.4180,20110509, 12:00:22.5090,20110509, 12:00:00.4630,48.1776605,-122.7242857,48.17850371,-122.7229142,48.17807987,-122.723608,66.729146,12.1.64.44173,3,20220907, 15:57:53.9700,C:\Users\JPeraza\Documents\UW Summer 2022\EV Files\Mobile\Turbulence Removed\NR.May.09_c.EV,0.031685,-9999,-999,1,-70,1,-34,1,6.75,1,0,9.44077E-09,40.175032,1818.921655,7.47442E-09,1,Pacific herring,100,-41.31,1,346.6247,346.6247,25.005557,51.235418,63.729146,3.75,0,24490.85531,16641,120,,,Surface (depth of zero),0,-3,150,147,65.938131,62.938131,68.494836,65.494836,39598,1755,69885,0,-9999,-9999,-9999,-9999,-9999,,0,0,-9999,-9999,-9999,-9999,0,-9.90E+37,-9.90E+37,-9.90E+37,-9.90E+37,-9.90E+37,-9.90E+37,65.267766,42.449283,0.00143,1.126982,0.887325
91,GRID_A_N_5_09_12,North Grid,868,321,1,-105.598089,-69.874057,-69.983297,-998.273859,24.998197,54.074496,11095,0.029689,0,150,22377,22418,22397,44802.36387,44938.39022,44869.28251,0,0,0,20110509, 12:00:23.5110,20110509, 12:01:05.5950,20110509, 12:00:44.5500,48.17852107,-122.7228812,48.17935105,-122.7215478,48.178915,-122.7222076,66.570712,12.1.64.44173,3,20220907, 15:57:53.9700,C:\Users\JPeraza\Documents\UW Summer 2022\EV Files\Mobile\Turbulence Removed\NR.May.09_c.EV,0.031685,-9999,-999,1,-70,1,-34,1,6.75,1,0,1.67564E-09,60.808033,3696.707695,6.8881E-10,1,Pacific herring,100,-41.31,1,31.943449,31.943449,24.998197,51.074496,63.570712,3.75,0,22706.75147,15462,120,,,Surface (depth of zero),0,-3,150,147,66.191013,63.191013,66.965962,63.965962,37031,1638,65226,0,-9999,-9999,-9999,-9999,-9999,,0,0,-9999,-9999,-9999,-9999,0,-9.90E+37,-9.90E+37,-9.90E+37,-9.90E+37,-9.90E+37,-9.90E+37,49.769311,33.21429,0.00027,0.283858,3.522885
91,GRID_A_N_5_09_12,North Grid,868,322,1,-97.48769,-63.543908,-69.562096,-995.15152,24.996274,53.039699,10830,0.192131,0,150,22419,22459,22439,44941.68096,45077.22469,45008.61037,0,0,0,20110509, 12:01:06.5980,20110509, 12:01:46.6870,20110509, 12:01:26.6410,48.17936932,-122.721513,48.18022833,-122.72023,48.17978167,-122.7208617,65.542441,12.1.64.44173,3,20220907, 15:57:53.9700,C:\Users\JPeraza\Documents\UW Summer 2022\EV Files\Mobile\Turbulence Removed\NR.May.09_c.EV,0.031685,-9999,-999,1,-70,1,-34,1,6.75,1,0,7.44839E-09,48.849861,2579.614102,4.45765E-09,1,Pacific herring,100,-41.31,1,206.72275,206.72275,24.996274,50.039699,62.542441,3.75,0,21297.08517,14646,120,,,Surface (depth of zero),0,-3,150,147,64.131125,61.131125,66.705383,63.705383,36598,1599,63673,0,-9999,-9999,-9999,-9999,-9999,,0,0,-9999,-9999,-9999,-9999,0,-9.90E+37,-9.90E+37,-9.90E+37,-9.90E+37,-9.90E+37,-9.90E+37,43.804211,12.382206,0.000739,0.587202,1.70299
91,GRID_A_N_5_09_12,North Grid,868,323,1,-86.658035,-55.089062,-69.853662,-992.117891,24.991438,47.861566,11092,2.325303,0,150,22460,22501,22480,45080.68141,45218.21777,45147.75635,0,0,0,20110509, 12:01:47.6890,20110509, 12:02:28.7790,20110509, 12:02:07.7340,48.18025,-122.7201967,48.18108667,-122.7188467,48.18065,-122.7195267,60.365101,12.1.64.44173,3,20220907, 15:57:53.9700,C:\Users\JPeraza\Documents\UW Summer 2022\EV Files\Mobile\Turbulence Removed\NR.May.09_c.EV,0.031685,-9999,-999,1,-70,1,-34,1,6.75,1,0,6.28902E-08,36.206968,1445.052031,5.39495E-08,1,Pacific herring,100,-41.31,1,2501.898455,2501.898455,24.991438,44.861566,57.365101,3.75,0,17648.79764,12706,120,,,Surface (depth of zero),0,-3,150,147,57.12511,54.12511,63.707569,60.707569,39790,1638,65226,0,-9999,-9999,-9999,-9999,-9999,,0,0,-9999,-9999,-9999,-9999,0,-9.90E+37,-9.90E+37,-9.90E+37,-9.90E+37,-9.90E+37,-9.90E+37,39.894255,0.101251,0.002164,1.235366,0.809477
91,GRID_A_N_5_09_12,North Grid,868,324,1,-99.997352,-68.389477,-69.641839,-992.734343,25.004957,47.05098,11098,0.107841,0,150,22502,22543,22522,45221.86096,45357.15118,45288.52056,0,0,0,20110509, 12:02:29.7820,20110509, 12:03:10.8730,20110509, 12:02:49.8240,48.18111167,-122.718815,48.181917,-122.7174652,48.18151404,-122.7181536,59.5494,12.1.64.44173,3,20220907, 15:57:53.9700,C:\Users\JPeraza\Documents\UW Summer 2022\EV Files\Mobile\Turbulence Removed\NR.May.09_c.EV,0.031685,-9999,-999,1,-70,1,-34,1,6.75,1,0,3.52852E-09,35.562175,1274.405815,2.50202E-09,1,Pacific herring,100,-41.31,1,116.030681,116.030681,25.004957,44.05098,56.5494,3.75,0,17071.04504,12343,120,,,Surface (depth of zero),0,-3,150,147,56.528485,53.528485,65.373472,62.373472,40147,1638,65226,0,-9999,-9999,-9999,-9999,-9999,,0,0,-9999,-9999,-9999,-9999,0,-9.90E+37,-9.90E+37,-9.90E+37,-9.90E+37,-9.90E+37,-9.90E+37,52.941371,51.821647,0.000811,0.843937,1.184922
91,GRID_A_N_5_09_12,North Grid,868,325,1,-80.424779,-49.658663,-69.994828,-981.078002,24.991228,58.584702,11356,9.767907,0,150,22544,22586,22565,45360.41749,45499.54372,45429.88846,0,0,0,20110509, 12:03:11.8750,20110509, 12:03:53.9640,20110509, 12:03:32.9200,48.18193695,-122.717433,48.1827649,-122.7160375,48.18235601,-122.7167435,71.084451,12.1.64.44173,3,20220907, 15:57:53.9700,C:\Users\JPeraza\Documents\UW Summer 2022\EV Files\Mobile\Turbulence Removed\NR.May.09_c.EV,0.031685,-9999,-999,1,-70,1,-34,1,6.75,1,0,2.42885E-07,39.087578,1615.015836,2.26626E-07,1,Pacific herring,100,-41.31,1,10509.73275,10509.73275,24.991228,55.584702,68.084451,3.75,0,27503.33163,17881,120,,,Surface (depth of zero),0,-3,150,147,65.790352,62.790352,74.507094,71.507094,35865,1677,66779,0,-9999,-9999,-9999,-9999,-9999,,0,0,-9999,-9999,-9999,-9999,0,-9.90E+37,-9.90E+37,-9.90E+37,-9.90E+37,-9.90E+37,-9.90E+37,54.483648,15.830731,0.008542,1.496002,0.668448
91,GRID_A_N_5_09_12,North Grid,868,326,1,-79.884616,-46.501975,-69.961022,-978.645944,24.987042,55.134899,10826,11.059745,0,150,22587,22627,22607,45502.5241,45638.21897,45569.49682,0,0,0,20110509, 12:03:54.9660,20110509, 12:04:35.0550,20110509, 12:04:15.0090,48.1827819,-122.7160065,48.1835556,-122.7146065,48.18316882,-122.7153245,67.635426,12.1.64.44173,3,20220907, 15:57:53.9700,C:\Users\JPeraza\Documents\UW Summer 2022\EV Files\Mobile\Turbulence Removed\NR.May.09_c.EV,0.031685,-9999,-999,1,-70,1,-34,1,6.75,1,0,3.74491E-07,57.141701,3349.531941,2.56598E-07,1,Pacific herring,100,-41.31,1,11899.6794,11899.6794,24.987042,52.134899,64.635426,3.75,0,23156.75631,15556,120,,,Surface (depth of zero),0,-3,150,147,61.723019,58.723019,72.610471,69.610471,35692,1599,63673,0,-9999,-9999,-9999,-9999,-9999,,0,0,-9999,-9999,-9999,-9999,0,-9.90E+37,-9.90E+37,-9.90E+37,-9.90E+37,-9.90E+37,-9.90E+37,61.630162,21.659974,0.015703,0.769852,1.298951
91,GRID_A_N_5_09_12,North Grid,868,327,1,-84.86139,-56.722845,-69.993372,-983.236511,25.002232,40.633938,11361,3.51829,0,150,22628,22670,22649,45641.38189,45779.07735,45709.63095,0,0,0,20110509, 12:04:36.0580,20110509, 12:05:18.1540,20110509, 12:04:57.1030,48.18357305,-122.714573,48.18429173,-122.713077,48.18391198,-122.713816,53.134147,12.1.64.44173,3,20220907, 15:57:53.9700,C:\Users\JPeraza\Documents\UW Summer 2022\EV Files\Mobile\Turbulence Removed\NR.May.09_c.EV,0.031685,-9999,-999,1,-70,1,-34,1,6.75,1,0,4.54544E-08,29.099623,1129.385564,8.16281E-08,1,Pacific herring,100,-41.31,1,3785.486921,3785.486921,25.002232,37.633938,50.134147,3.75,0,13097.5983,9722,120,,,Surface (depth of zero),0,-3,150,147,42.4986,39.4986,61.501603,58.501603,44019,1677,66779,0,-9999,-9999,-9999,-9999,-9999,,0,0,-9999,-9999,-9999,-9999,0,-9.90E+37,-9.90E+37,-9.90E+37,-9.90E+37,-9.90E+37,-9.90E+37,41.944486,76.191923,0.012675,5.518499,0.181209
91,GRID_A_N_5_09_12,North Grid,868,328,1,-70.773219,-39.411138,-69.995713,-985.078123,15.448413,20.39456,6530,55.725473,0,150,22671,22710,22690,45782.5811,45917.88708,45847.17359,0,0,0,20110509, 12:05:19.1550,20110509, 12:05:58.2410,20110509, 12:05:38.1980,48.18431321,-122.7130426,48.18520118,-122.7118183,48.18470567,-122.7124055,27.405298,12.1.64.44173,3,20220907, 15:57:53.9700,C:\Users\JPeraza\Documents\UW Summer 2022\EV Files\Mobile\Turbulence Removed\NR.May.09_c.EV,0.031685,-9999,-999,1,-70,1,-34,1,6.75,1,0,2.60246E-06,37.782143,1465.954245,1.29289E-06,1,Pacific herring,100,-41.31,1,59957.55281,59957.55281,15.448413,17.39456,24.405298,3.75,0,1890.065045,2209,120,,,Surface (depth of zero),0,-3,150,147,15.932809,12.932809,41.660556,38.660556,51821,1560,62120,0,-9999,-9999,-9999,-9999,-9999,,0,0,-9999,-9999,-9999,-9999,0,-9.90E+37,-9.90E+37,-9.90E+37,-9.90E+37,-9.90E+37,-9.90E+37,25.798637,23.249779,0.051455,0.638484,1.56621
91,GRID_A_N_5_09_12,North Grid,868,329,1,-77.673096,-48.764671,-69.925909,-997.105729,7.290942,10.423016,3313,5.369896,0,150,22711,22753,22732,45921.26446,46058.72377,45989.55579,0,0,0,20110509, 12:05:59.2420,20110509, 12:06:41.3390,20110509, 12:06:20.2910,48.18521964,-122.7117826,48.18614373,-122.710575,48.18567835,-122.7111859,14.03035,12.1.64.44173,3,20220907, 15:57:53.9700,C:\Users\JPeraza\Documents\UW Summer 2022\EV Files\Mobile\Turbulence Removed\NR.May.09_c.EV,0.031685,-9999,-999,1,-70,1,-34,1,6.75,1,0,2.5293E-07,44.768463,2302.810476,1.24587E-07,1,Pacific herring,100,-41.31,1,5777.713866,5777.713866,7.290942,7.423016,11.03035,3.75,0,152.450563,0,120,,,Surface (depth of zero),0,-3,150,147,13.011031,10.011031,15.600053,12.600053,61789,1677,66779,0,-9999,-9999,-9999,-9999,-9999,,0,0,-9999,-9999,-9999,-9999,0,-9.90E+37,-9.90E+37,-9.90E+37,-9.90E+37,-9.90E+37,-9.90E+37,11.016423,7.789861,0.031391,1.424902,0.701803
91,GRID_A_N_5_09_12,North Grid,868,330,1,-84.941059,-61.666827,-69.92873,-1001.90526,6.051365,9.768215,1215,0.369423,0,150,22754,22772,22763,46062.03683,46121.91066,46092.17818,0,0,0,20110509, 12:06:42.3420,20110509, 12:07:00.3830,20110509, 12:06:51.3610,48.18616718,-122.7105475,48.18660686,-122.7100837,48.18638676,-122.7103105,12.786866,12.1.64.44173,3,20220907, 15:57:53.9700,C:\Users\JPeraza\Documents\UW Summer 2022\EV Files\Mobile\Turbulence Removed\NR.May.09_c.EV,0.031685,-9999,-999,1,-70,1,-34,1,6.75,1,0,3.78984E-08,14.862555,242.060827,8.57102E-09,1,Pacific herring,100,-41.31,1,397.479379,397.479379,6.051365,6.768215,9.786866,3.75,0,45.688533,0,120,,,Surface (depth of zero),0,-3,150,147,12.310192,9.310192,13.066726,10.066726,27551,741,29507,0,-9999,-9999,-9999,-9999,-9999,,0,0,-9999,-9999,-9999,-9999,0,-9.90E+37,-9.90E+37,-9.90E+37,-9.90E+37,-9.90E+37,-9.90E+37,8.221931,3.33793,0.0107,0.81736,1.223452
103,GRID_A_N_5_09_06,North Grid,868,441,1,-93.393978,-67.096671,-69.998053,-984.801242,24.99294,59.19736,9508,0.311415,0,150,27897,27932,27914,61642.36684,61739.49811,61684.79209,0,0,0,20110509, 13:33:35.5660,20110509, 13:34:10.6400,20110509, 13:33:52.6020,48.15252882,-122.7049556,48.15305792,-122.7039433,48.15271216,-122.7044607,71.697511,12.1.64.44173,3,20220907, 15:57:53.9700,C:\Users\JPeraza\Documents\UW Summer 2022\EV Files\Mobile\Turbulence Removed\NR.May.09_c.EV,0.031685,-9999,-999,1,-70,1,-34,1,6.75,1,0,7.65888E-09,17.345468,312.57336,7.22516E-09,1,Pacific herring,100,-41.31,1,335.065098,335.065098,24.99294,56.19736,68.697511,3.75,0,23478.49602,15203,120,,,Surface (depth of zero),0,-3,150,147,71.100182,68.100182,72.422754,69.422754,29793,1404,55908,0,-9999,-9999,-9999,-9999,-9999,,0,0,-9999,-9999,-9999,-9999,0,-9.90E+37,-9.90E+37,-9.90E+37,-9.90E+37,-9.90E+37,-9.90E+37,58.844111,49.997171,0.003681,3.20251,0.312255
103,GRID_A_N_5_09_06,North Grid,868,442,1,-97.869049,-68.386685,-69.989787,-988.248641,24.992493,59.759982,12413,0.175953,0,150,27933,27979,27956,61742.25717,61879.74772,61812.48625,0,0,0,20110509, 13:34:11.6410,20110509, 13:34:57.7360,20110509, 13:34:34.6890,48.15307303,-122.7039139,48.1538902,-122.7025521,48.1535177,-122.7032549,72.2619,12.1.64.44173,3,20220907, 15:57:53.9700,C:\Users\JPeraza\Documents\UW Summer 2022\EV Files\Mobile\Turbulence Removed\NR.May.09_c.EV,0.031685,-9999,-999,1,-70,1,-34,1,6.75,1,0,4.31449E-09,26.760454,725.467577,4.0823E-09,1,Pacific herring,100,-41.31,1,189.315714,189.315714,24.992493,56.759982,69.2619,3.75,0,31258.6875,20128,120,,,Surface (depth of zero),0,-3,150,147,71.663574,68.663574,73.206797,70.206797,38617,1833,72991,0,-9999,-9999,-9999,-9999,-9999,,0,0,-9999,-9999,-9999,-9999,0,-9.90E+37,-9.90E+37,-9.90E+37,-9.90E+37,-9.90E+37,-9.90E+37,61.885627,21.994051,0.00145,1.681322,0.59477
103,GRID_A_N_5_09_06,North Grid,868,443,1,-95.945683,-63.365943,-69.901114,-987.042001,24.999631,64.01291,11624,0.274067,0,150,27980,28023,28001,61882.71437,62016.87848,61945.10598,0,0,0,20110509, 13:34:58.7380,20110509, 13:35:41.8310,20110509, 13:35:19.7820,48.15390732,-122.7025215,48.15469424,-122.7011679,48.1542505,-122.7018639,76.514643,12.1.64.44173,3,20220907, 15:57:53.9700,C:\Users\JPeraza\Documents\UW Summer 2022\EV Files\Mobile\Turbulence Removed\NR.May.09_c.EV,0.031685,-9999,-999,1,-70,1,-34,1,6.75,1,0,8.14601E-09,44.00662,2229.533798,6.35866E-09,1,Pacific herring,100,-41.31,1,294.881312,294.881312,24.999631,61.01291,73.514643,3.75,0,33768.12244,20819,120,,,Surface (depth of zero),0,-3,150,147,73.252426,70.252426,78.493097,75.493097,34173,1716,68332,0,-9999,-9999,-9999,-9999,-9999,,0,0,-9999,-9999,-9999,-9999,0,-9.90E+37,-9.90E+37,-9.90E+37,-9.90E+37,-9.90E+37,-9.90E+37,70.654312,51.961907,0.001462,1.071455,0.93331
103,GRID_A_N_5_09_06,North Grid,868,444,1,-94.817111,-66.826758,-69.936438,-983.277175,25.00089,69.144579,10832,0.355415,0,150,28024,28064,28044,62020.09768,62156.63094,62086.38266,0,0,0,20110509, 13:35:42.8330,20110509, 13:36:22.9190,20110509, 13:36:02.8760,48.15471543,-122.7011384,48.155565,-122.69983,48.15511167,-122.70048,81.64707,12.1.64.44173,3,20220907, 15:57:53.9700,C:\Users\JPeraza\Documents\UW Summer 2022\EV Files\Mobile\Turbulence Removed\NR.May.09_c.EV,0.031685,-9999,-999,1,-70,1,-34,1,6.75,1,0,6.60152E-09,20.85929,454.99021,8.24602E-09,1,Pacific herring,100,-41.31,1,382.407484,382.407484,25.00089,66.144579,78.64707,3.75,0,36902.2917,21623,120,,,Surface (depth of zero),0,-3,150,147,78.422618,75.422618,83.472857,80.472857,29619,1599,63673,0,-9999,-9999,-9999,-9999,-9999,,0,0,-9999,-9999,-9999,-9999,0,-9.90E+37,-9.90E+37,-9.90E+37,-9.90E+37,-9.90E+37,-9.90E+37,74.885446,19.959681,0.002585,2.552624,0.391754
103,GRID_A_N_5_09_06,North Grid,868,445,1,-87.44176,-58.48767,-69.971288,-980.676423,24.987157,69.6862,10562,1.941032,0,150,28065,28104,28084,62160.0885,62299.32749,62224.99417,0,0,0,20110509, 13:36:23.9220,20110509, 13:37:05.0100,20110509, 13:36:42.9670,48.15558667,-122.6997967,48.15640667,-122.69839,48.15597167,-122.6991433,82.184663,12.1.64.44173,3,20220907, 15:57:53.9700,C:\Users\JPeraza\Documents\UW Summer 2022\EV Files\Mobile\Turbulence Removed\NR.May.09_c.EV,0.031685,-9999,-999,1,-70,1,-34,1,6.75,1,0,3.52308E-08,28.271851,903.695748,4.5034E-08,1,Pacific herring,100,-41.31,1,2088.443778,2088.443778,24.987157,66.6862,79.184663,3.75,0,36570.62096,21327,120,,,Surface (depth of zero),0,-3,150,147,78.93784,75.93784,83.972747,80.972747,28671,1560,62120,0,-9999,-9999,-9999,-9999,-9999,,0,0,-9999,-9999,-9999,-9999,0,-9.90E+37,-9.90E+37,-9.90E+37,-9.90E+37,-9.90E+37,-9.90E+37,75.047976,71.36879,0.005586,2.609074,0.383278
103,GRID_A_N_5_09_06,North Grid,868,446,1,-95.453644,-64.449417,-69.96293,-988.522426,25.002703,64.562767,11097,0.306983,0,150,28105,28146,28125,62302.52361,62439.21913,62364.94517,0,0,0,20110509, 13:37:06.0120,20110509, 13:37:47.0980,20110509, 13:37:26.0550,48.15642333,-122.698355,48.15737741,-122.697268,48.15681135,-122.697792,77.0588,12.1.64.44173,3,20220907, 15:57:53.9700,C:\Users\JPeraza\Documents\UW Summer 2022\EV Files\Mobile\Turbulence Removed\NR.May.09_c.EV,0.031685,-9999,-999,1,-70,1,-34,1,6.75,1,0,7.38432E-09,29.990568,1025.552537,7.12234E-09,1,Pacific herring,100,-41.31,1,330.296911,330.296911,25.002703,61.562767,74.0588,3.75,0,32798.72689,20116,120,,,Surface (depth of zero),0,-3,150,147,76.039835,73.039835,78.647401,75.647401,32375,1638,65226,0,-9999,-9999,-9999,-9999,-9999,,0,0,-9999,-9999,-9999,-9999,0,-9.90E+37,-9.90E+37,-9.90E+37,-9.90E+37,-9.90E+37,-9.90E+37,56.251663,32.832526,0.001712,1.560558,0.640796
103,GRID_A_N_5_09_06,North Grid,868,447,1,-84.390782,-51.758405,-69.983821,-982.204324,25.003717,60.500275,10569,3.921193,0,150,28147,28186,28166,62443.09355,62577.111,62511.01955,0,0,0,20110509, 13:37:48.1010,20110509, 13:38:29.1850,20110509, 13:38:07.1420,48.15741046,-122.6972514,48.15835612,-122.6961829,48.15793864,-122.6968089,73.008563,12.1.64.44173,3,20220907, 15:57:53.9700,C:\Users\JPeraza\Documents\UW Summer 2022\EV Files\Mobile\Turbulence Removed\NR.May.09_c.EV,0.031685,-9999,-999,1,-70,1,-34,1,6.75,1,0,1.15932E-07,49.751206,2624.382705,9.09759E-08,1,Pacific herring,100,-41.31,1,4218.988236,4218.988236,25.003717,57.500275,70.008563,3.75,0,27373.70884,17441,120,,,Surface (depth of zero),0,-3,150,147,69.112748,66.112748,78.412372,75.412372,32550,1560,62120,0,-9999,-9999,-9999,-9999,-9999,,0,0,-9999,-9999,-9999,-9999,0,-9.90E+37,-9.90E+37,-9.90E+37,-9.90E+37,-9.90E+37,-9.90E+37,65.855901,25.024333,0.00615,0.984269,1.015983
103,GRID_A_N_5_09_06,North Grid,868,448,1,-85.141339,-56.44643,-69.972263,-980.564096,18.300777,54.291452,9863,2.414501,0,150,28187,28237,28212,62580.20364,62719.785,62658.89596,0,0,0,20110509, 13:38:30.1870,20110509, 13:39:21.2900,20110509, 13:38:56.2380,48.15837734,-122.696156,48.15911495,-122.6946984,48.15888696,-122.6954347,66.134864,12.1.64.44173,3,20220907, 15:57:53.9700,C:\Users\JPeraza\Documents\UW Summer 2022\EV Files\Mobile\Turbulence Removed\NR.May.09_c.EV,0.031685,-9999,-999,1,-70,1,-34,1,6.75,1,0,5.20655E-08,29.212223,985.295437,5.6019E-08,1,Pacific herring,100,-41.31,1,2597.870844,2597.870844,18.300777,51.291452,63.134864,3.75,0,20379.99779,22150,120,,,Surface (depth of zero),0,-3,150,147,62.407582,59.407582,70.325129,67.325129,45201,1989,79203,0,-9999,-9999,-9999,-9999,-9999,,0,0,-9999,-9999,-9999,-9999,0,-9.90E+37,-9.90E+37,-9.90E+37,-9.90E+37,-9.90E+37,-9.90E+37,59.771265,81.107548,0.010544,3.215271,0.311016
103,GRID_A_N_5_09_06,North Grid,868,449,1,-79.364629,-52.949063,-69.999688,-981.25581,11.556264,35.604249,6106,5.765625,0,150,28238,28287,28262,62722.56377,62858.9398,62786.13245,0,0,0,20110509, 13:39:22.2920,20110509, 13:40:12.3960,20110509, 13:39:46.3440,48.15913042,-122.6946691,48.15974462,-122.6930988,48.15940332,-122.693925,52.362789,12.1.64.44173,3,20220907, 15:57:53.9700,C:\Users\JPeraza\Documents\UW Summer 2022\EV Files\Mobile\Turbulence Removed\NR.May.09_c.EV,0.031685,-9999,-999,1,-70,1,-34,1,6.75,1,0,1.45373E-07,27.067153,817.942054,1.33769E-07,1,Pacific herring,100,-41.31,1,6203.496488,6203.496488,11.556264,32.604249,49.362789,3.75,0,5473.039215,18001,120,,,Surface (depth of zero),0,-3,150,147,42.113778,39.113778,61.992538,58.992538,51593,1950,77650,0,-9999,-9999,-9999,-9999,-9999,,0,0,-9999,-9999,-9999,-9999,0,-9.90E+37,-9.90E+37,-9.90E+37,-9.90E+37,-9.90E+37,-9.90E+37,36.115978,67.354274,0.035866,3.640994,0.27465
103,GRID_A_N_5_09_06,North Grid,868,450,1,-73.13905,-38.048215,-69.98488,-988.773032,24.75965,22.97097,12559,51.800186,0,150,28288,28335,28311,62861.53239,62998.24594,62926.50498,0,0,0,20110509, 13:40:13.3990,20110509, 13:41:01.5000,20110509, 13:40:36.4480,48.15975979,-122.6930724,48.16060551,-122.6917466,48.16014768,-122.6924222,35.302528,12.1.64.44173,3,20220907, 15:57:53.9700,C:\Users\JPeraza\Documents\UW Summer 2022\EV Files\Mobile\Turbulence Removed\NR.May.09_c.EV,0.031685,-9999,-999,1,-70,1,-34,1,6.75,1,0,2.39564E-06,63.553183,4080.818128,1.20182E-06,1,Pacific herring,100,-41.31,1,55734.15968,55734.15968,24.75965,19.97097,32.302528,3.75,0,4460.382282,1932,120,,,Surface (depth of zero),0,-3,150,147,29.372714,26.372714,41.726909,38.726909,58181,1872,74544,0,-9999,-9999,-9999,-9999,-9999,,0,0,-9999,-9999,-9999,-9999,0,-9.90E+37,-9.90E+37,-9.90E+37,-9.90E+37,-9.90E+37,-9.90E+37,15.501832,13.800549,0.025878,0.48774,2.050271
103,GRID_A_N_5_09_06,North Grid,868,451,1,-79.171993,-48.948333,-69.996806,-992.173712,17.048316,15.461736,9188,8.89148,0,150,28336,28386,28361,63000.94574,63137.43343,63069.52234,0,0,0,20110509, 13:41:02.5020,20110509, 13:41:52.6110,20110509, 13:41:27.5580,48.1606229,-122.6917214,48.16161015,-122.6906396,48.16113216,-122.6912033,23.788735,12.1.64.44173,3,20220907, 15:57:53.9700,C:\Users\JPeraza\Documents\UW Summer 2022\EV Files\Mobile\Turbulence Removed\NR.May.09_c.EV,0.031685,-9999,-999,1,-70,1,-34,1,6.75,1,0,2.09289E-07,49.366438,2859.882068,2.06292E-07,1,Pacific herring,100,-41.31,1,9566.744362,9566.744362,17.048316,12.461736,20.788735,3.75,0,1292.558784,0,120,,,Surface (depth of zero),0,-3,150,147,19.275425,16.275425,28.989126,25.989126,68026,1989,79203,0,-9999,-9999,-9999,-9999,-9999,,0,0,-9999,-9999,-9999,-9999,0,-9.90E+37,-9.90E+37,-9.90E+37,-9.90E+37,-9.90E+37,-9.90E+37,16.061846,31.58352,0.027645,2.897076,0.345176
103,GRID_A_N_5_09_06,North Grid,868,452,1,-78.693116,-55.896113,-69.978171,-993.377885,11.570386,12.566526,6358,6.737955,0,150,28387,28438,28412,63140.09377,63279.24395,63207.79306,0,0,0,20110509, 13:41:53.6130,20110509, 13:42:44.7220,20110509, 13:42:18.6680,48.16162916,-122.690618,48.16252442,-122.6893373,48.16208111,-122.6900196,18.310448,12.1.64.44173,3,20220907, 15:57:53.9700,C:\Users\JPeraza\Documents\UW Summer 2022\EV Files\Mobile\Turbulence Removed\NR.May.09_c.EV,0.031685,-9999,-999,1,-70,1,-34,1,6.75,1,0,1.12813E-07,14.25181,250.006172,1.56328E-07,1,Pacific herring,100,-41.31,1,7249.67039,7249.67039,11.570386,9.566526,15.310448,3.75,0,504.668172,0,120,,,Surface (depth of zero),0,-3,150,147,16.461285,13.461285,20.955755,17.955755,72370,2028,80756,0,-9999,-9999,-9999,-9999,-9999,,0,0,-9999,-9999,-9999,-9999,0,-9.90E+37,-9.90E+37,-9.90E+37,-9.90E+37,-9.90E+37,-9.90E+37,11.341282,12.640906,0.033344,8.509206,0.11752
103,GRID_A_N_5_09_06,North Grid,868,453,1,-81.212237,-57.739911,-69.86947,-996.88517,7.401189,11.037744,4067,2.413068,0,150,28439,28490,28464,63281.95189,63419.17998,63348.63825,0,0,0,20110509, 13:42:45.7240,20110509, 13:43:36.8310,20110509, 13:43:10.7770,48.16253772,-122.6893068,48.16340773,-122.6880091,48.16294245,-122.6886512,14.141844,12.1.64.44173,3,20220907, 15:57:53.9700,C:\Users\JPeraza\Documents\UW Summer 2022\EV Files\Mobile\Turbulence Removed\NR.May.09_c.EV,0.031685,-9999,-999,1,-70,1,-34,1,6.75,1,0,6.83772E-08,15.006108,296.231513,5.59858E-08,1,Pacific herring,100,-41.31,1,2596.329033,2596.329033,7.401189,8.037744,11.141844,3.75,0,222.557342,0,120,,,Surface (depth of zero),0,-3,150,147,6.831456,3.831456,16.332713,13.332713,74661,2028,80756,0,-9999,-9999,-9999,-9999,-9999,,0,0,-9999,-9999,-9999,-9999,0,-9.90E+37,-9.90E+37,-9.90E+37,-9.90E+37,-9.90E+37,-9.90E+37,10.723154,7.281928,0.021638,4.654336,0.214853
103,GRID_A_N_5_09_06,North Grid,868,454,1,-999,-999,-999,-999,0.135186,6.917699,10,0,0,150,28491,28497,28494,63421.85603,63437.08185,63429.46893,0,0,0,20110509, 13:43:37.8330,20110509, 13:43:43.8450,20110509, 13:43:40.8400,48.16342768,-122.687989,48.16352946,-122.6878523,48.16347773,-122.6879192,6.800398,12.1.64.44173,3,20220907, 15:57:53.9700,C:\Users\JPeraza\Documents\UW Summer 2022\EV Files\Mobile\Turbulence Removed\NR.May.09_c.EV,0.031685,-9999,-999,1,-70,1,-34,1,6.75,1,0,0,0,0,0,1,Pacific herring,100,-41.31,1,0,0,0.135186,3.917699,3.800398,3.75,0,0.118176,0,120,,,Surface (depth of zero),0,-3,150,147,6.571387,3.571387,7.168134,4.168134,10593,268,10871,0,-9999,-9999,-9999,-9999,-9999,,0,0,-9999,-9999,-9999,-9999,0,-9.90E+37,-9.90E+37,-9.90E+37,-9.90E+37,-9.90E+37,-9.90E+37,-9.90E+37,-9.90E+37,0,-9.90E+37,-9.90E+37
105,GRID_A_N_5_09_05,North Grid,868,456,1,-79.061084,-67.57865,-69.430637,-990.284445,0.150548,12.344076,35,0.050631,0,150,28590,28611,28600,63759.66809,63839.11059,63803.53835,0,0,0,20110509, 13:45:18.0510,20110509, 13:45:41.0950,20110509, 13:45:30.0720,48.16124042,-122.6866461,48.16066393,-122.687062,48.1608651,-122.6867035,12.820098,12.1.64.44173,3,20220907, 15:57:53.9700,C:\Users\JPeraza\Documents\UW Summer 2022\EV Files\Mobile\Turbulence Removed\NR.May.09_c.EV,0.031685,-9999,-999,1,-70,1,-34,1,6.75,1,0,4.17864E-08,3.26254,9.568763,1.17469E-09,1,Pacific herring,100,-41.31,1,54.475874,54.475874,0.150548,9.344076,9.820098,3.75,0,2.37614,1380,120,,,Surface (depth of zero),0,-3,150,147,11.342994,8.342994,14.860174,11.860174,31893,858,34166,0,-9999,-9999,-9999,-9999,-9999,,0,0,-9999,-9999,-9999,-9999,0,-9.90E+37,-9.90E+37,-9.90E+37,-9.90E+37,-9.90E+37,-9.90E+37,11.996818,0.005307,0.085714,0.275828,3.62545
105,GRID_A_N_5_09_05,North Grid,868,457,1,-79.096967,-59.559673,-69.892356,-988.323648,1.10481,15.818063,467,0.58625,0,150,28612,28651,28631,63842.32282,63979.1595,63904.21689,0,0,0,20110509, 13:45:42.0970,20110509, 13:46:21.1830,20110509, 13:46:01.1390,48.16065236,-122.6871016,48.15995235,-122.6886006,48.16037869,-122.6878216,16.942336,12.1.64.44173,3,20220907, 15:57:53.9700,C:\Users\JPeraza\Documents\UW Summer 2022\EV Files\Mobile\Turbulence Removed\NR.May.09_c.EV,0.031685,-9999,-999,1,-70,1,-34,1,6.75,1,0,7.36531E-08,9.449693,115.847589,1.36016E-08,1,Pacific herring,100,-41.31,1,630.772685,630.772685,1.10481,12.818063,13.942336,3.75,0,60.739619,3845,120,,,Surface (depth of zero),0,-3,150,147,15.118539,12.118539,19.048669,16.048669,56248,1560,62120,0,-9999,-9999,-9999,-9999,-9999,,0,0,-9999,-9999,-9999,-9999,0,-9.90E+37,-9.90E+37,-9.90E+37,-9.90E+37,-9.90E+37,-9.90E+37,17.731491,0.255043,0.044968,1.203677,0.830787
105,GRID_A_N_5_09_05,North Grid,868,458,1,-81.65808,-58.753791,-69.967613,-988.191726,4.066403,19.267494,1504,1.196449,0,150,28652,28686,28669,63983.2305,64117.98028,64050.53011,0,0,0,20110509, 13:46:22.1860,20110509, 13:46:56.2550,20110509, 13:46:39.2200,48.15993066,-122.6886447,48.15915405,-122.6900284,48.15952956,-122.6893206,22.808836,12.1.64.44173,3,20220907, 15:57:53.9700,C:\Users\JPeraza\Documents\UW Summer 2022\EV Files\Mobile\Turbulence Removed\NR.May.09_c.EV,0.031685,-9999,-999,1,-70,1,-34,1,6.75,1,0,5.2195E-08,15.427242,326.061414,2.77589E-08,1,Pacific herring,100,-41.31,1,1287.313749,1287.313749,4.066403,16.267494,19.808836,3.75,0,327.54787,4439,120,,,Surface (depth of zero),0,-3,150,147,19.144243,16.144243,28.069182,25.069182,47047,1365,54355,0,-9999,-9999,-9999,-9999,-9999,,0,0,-9999,-9999,-9999,-9999,0,-9.90E+37,-9.90E+37,-9.90E+37,-9.90E+37,-9.90E+37,-9.90E+37,20.731098,13.666931,0.033245,2.395095,0.41752
105,GRID_A_N_5_09_05,North Grid,868,459,1,-71.6727,-46.72433,-69.803764,-986.655816,3.408895,24.900431,1549,9.996212,0,150,28687,28729,28708,64121.74692,64257.25427,64194.15919,0,0,0,20110509, 13:46:57.2580,20110509, 13:47:39.3540,20110509, 13:47:18.3060,48.15913126,-122.6900659,48.15836831,-122.6914555,48.15876618,-122.6908632,35.803668,12.1.64.44173,3,20220907, 15:57:53.9700,C:\Users\JPeraza\Documents\UW Summer 2022\EV Files\Mobile\Turbulence Removed\NR.May.09_c.EV,0.031685,-9999,-999,1,-70,1,-34,1,6.75,1,0,9.14258E-07,18.208376,367.970056,2.31923E-07,1,Pacific herring,100,-41.31,1,10755.37572,10755.37572,3.408895,21.900431,32.803668,3.75,0,594.283117,11657,120,,,Surface (depth of zero),0,-3,150,147,28.238566,25.238566,44.253967,41.253967,51896,1677,66779,0,-9999,-9999,-9999,-9999,-9999,,0,0,-9999,-9999,-9999,-9999,0,-9.90E+37,-9.90E+37,-9.90E+37,-9.90E+37,-9.90E+37,-9.90E+37,24.355958,0.885266,0.031633,0.807765,1.237983
105,GRID_A_N_5_09_05,North Grid,868,460,1,-81.254037,-61.042293,-69.979121,-979.671645,16.543862,37.398915,8042,5.34226,0,150,28730,28775,28752,64260.47456,64396.78628,64325.46963,0,0,0,20110509, 13:47:40.3550,20110509, 13:48:25.4530,20110509, 13:48:02.4020,48.15835485,-122.6914938,48.15745077,-122.6926576,48.15798875,-122.6921533,52.270323,12.1.64.44173,3,20220907, 15:57:53.9700,C:\Users\JPeraza\Documents\UW Summer 2022\EV Files\Mobile\Turbulence Removed\NR.May.09_c.EV,0.031685,-9999,-999,1,-70,1,-34,1,6.75,1,0,4.30403E-08,8.013677,84.021437,1.23946E-07,1,Pacific herring,100,-41.31,1,5747.978877,5747.978877,16.543862,34.398915,49.270323,3.75,0,7742.720694,14095,120,,,Surface (depth of zero),0,-3,150,147,44.375522,41.375522,57.153592,54.153592,47507,1794,71438,0,-9999,-9999,-9999,-9999,-9999,,0,0,-9999,-9999,-9999,-9999,0,-9.90E+37,-9.90E+37,-9.90E+37,-9.90E+37,-9.90E+37,-9.90E+37,36.385438,81.781222,0.039791,22.383385,0.044676
105,GRID_A_N_5_09_05,North Grid,868,461,1,-74.922255,-42.586593,-69.986381,-980.272612,24.996274,49.33661,10830,34.684993,0,150,28776,28816,28796,64400.26423,64537.54804,64468.83856,0,0,0,20110509, 13:48:26.4550,20110509, 13:49:07.5420,20110509, 13:48:47.5020,48.15742828,-122.6926901,48.15655643,-122.6939825,48.1569671,-122.6932959,61.833484,12.1.64.44173,3,20220907, 15:57:53.9700,C:\Users\JPeraza\Documents\UW Summer 2022\EV Files\Mobile\Turbulence Removed\NR.May.09_c.EV,0.031685,-9999,-999,1,-70,1,-34,1,6.75,1,0,1.05754E-06,41.185795,1812.159514,8.04729E-07,1,Pacific herring,100,-41.31,1,37319.15022,37319.15022,24.996274,46.33661,58.833484,3.75,0,18577.47415,13041,120,,,Surface (depth of zero),0,-3,150,147,54.141852,51.141852,70.659126,67.659126,38203,1599,63673,0,-9999,-9999,-9999,-9999,-9999,,0,0,-9999,-9999,-9999,-9999,0,-9.90E+37,-9.90E+37,-9.90E+37,-9.90E+37,-9.90E+37,-9.90E+37,53.501326,8.822677,0.019298,0.948969,1.053776
105,GRID_A_N_5_09_05,North Grid,868,462,1,-98.799149,-68.446296,-69.949553,-989.802374,25.002232,59.763014,11361,0.142087,0,150,28817,28859,28838,64540.8226,64679.06,64609.17736,0,0,0,20110509, 13:49:08.5440,20110509, 13:49:50.6390,20110509, 13:49:29.5930,48.15653699,-122.6940156,48.15565533,-122.6953127,48.15609085,-122.6946385,72.256803,12.1.64.44173,3,20220907, 15:57:53.9700,C:\Users\JPeraza\Documents\UW Summer 2022\EV Files\Mobile\Turbulence Removed\NR.May.09_c.EV,0.031685,-9999,-999,1,-70,1,-34,1,6.75,1,0,3.9162E-09,30.002124,908.854107,3.29658E-09,1,Pacific herring,100,-41.31,1,152.878318,152.878318,25.002232,56.763014,69.256803,3.75,0,28618.34464,18414,120,,,Surface (depth of zero),0,-3,150,147,70.965082,67.965082,73.991595,70.991595,35327,1677,66779,0,-9999,-9999,-9999,-9999,-9999,,0,0,-9999,-9999,-9999,-9999,0,-9.90E+37,-9.90E+37,-9.90E+37,-9.90E+37,-9.90E+37,-9.90E+37,58.510473,96.539553,0.001144,1.217401,0.821422
105,GRID_A_N_5_09_05,North Grid,868,463,1,-89.933149,-64.684597,-69.978618,-983.576381,25.002703,60.216096,11097,1.094369,0,150,28860,28901,28880,64682.47537,64816.81524,64748.16448,0,0,0,20110509, 13:49:51.6420,20110509, 13:50:32.7250,20110509, 13:50:11.6830,48.15563336,-122.6953447,48.15469695,-122.6964667,48.1551691,-122.6958788,72.707236,12.1.64.44173,3,20220907, 15:57:53.9700,C:\Users\JPeraza\Documents\UW Summer 2022\EV Files\Mobile\Turbulence Removed\NR.May.09_c.EV,0.031685,-9999,-999,1,-70,1,-34,1,6.75,1,0,1.24783E-08,13.68816,211.229034,2.53906E-08,1,Pacific herring,100,-41.31,1,1177.481313,1177.481313,25.002703,57.216096,69.707236,3.75,0,28427.86442,18187,120,,,Surface (depth of zero),0,-3,150,147,70.026524,67.026524,76.455136,73.455136,34304,1638,65226,0,-9999,-9999,-9999,-9999,-9999,,0,0,-9999,-9999,-9999,-9999,0,-9.90E+37,-9.90E+37,-9.90E+37,-9.90E+37,-9.90E+37,-9.90E+37,51.741697,15.913103,0.007209,6.909813,0.144722
105,GRID_A_N_5_09_05,North Grid,868,464,1,-93.889581,-64.969804,-69.997592,-987.58736,24.998582,65.103002,10831,0.439996,0,150,28902,28942,28922,64820.19777,64957.67638,64889.48757,0,0,0,20110509, 13:50:33.7270,20110509, 13:51:14.8120,20110509, 13:50:54.7670,48.15467289,-122.6964945,48.15389825,-122.6979105,48.15423427,-122.6971504,77.601479,12.1.64.44173,3,20220907, 15:57:53.9700,C:\Users\JPeraza\Documents\UW Summer 2022\EV Files\Mobile\Turbulence Removed\NR.May.09_c.EV,0.031685,-9999,-999,1,-70,1,-34,1,6.75,1,0,9.23019E-09,26.025495,746.292046,1.02084E-08,1,Pacific herring,100,-41.31,1,473.411973,473.411973,24.998582,62.103002,74.601479,3.75,0,32566.97734,19872,120,,,Surface (depth of zero),0,-3,150,147,76.500672,73.500672,78.227324,75.227324,31371,1599,63673,0,-9999,-9999,-9999,-9999,-9999,,0,0,-9999,-9999,-9999,-9999,0,-9.90E+37,-9.90E+37,-9.90E+37,-9.90E+37,-9.90E+37,-9.90E+37,55.834261,8.015811,0.002308,2.00241,0.499398
105,GRID_A_N_5_09_05,North Grid,868,465,1,-97.233252,-63.223295,-69.944154,-987.981655,24.996519,63.353927,12415,0.203726,0,150,28943,28989,28966,64960.35417,65097.32836,65029.39192,0,0,0,20110509, 13:51:15.8130,20110509, 13:52:01.9090,20110509, 13:51:38.8600,48.15387918,-122.6979323,48.15306,-122.6993017,48.15347255,-122.6986303,75.851181,12.1.64.44173,3,20220907, 15:57:53.9700,C:\Users\JPeraza\Documents\UW Summer 2022\EV Files\Mobile\Turbulence Removed\NR.May.09_c.EV,0.031685,-9999,-999,1,-70,1,-34,1,6.75,1,0,7.10417E-09,49.92165,2838.192038,4.72666E-09,1,Pacific herring,100,-41.31,1,219.197864,219.197864,24.996519,60.353927,72.851181,3.75,0,35285.32505,21912,120,,,Surface (depth of zero),0,-3,150,147,75.086576,72.086576,77.228544,74.228544,36831,1833,72991,0,-9999,-9999,-9999,-9999,-9999,,0,0,-9999,-9999,-9999,-9999,0,-9.90E+37,-9.90E+37,-9.90E+37,-9.90E+37,-9.90E+37,-9.90E+37,71.847514,37.431239,0.001047,0.831816,1.202189
105,GRID_A_N_5_09_05,North Grid,868,466,1,-93.581637,-59.371418,-69.887146,-984.550951,25.00094,64.163163,12153,0.472372,0,150,28990,29035,29012,65100.37883,65236.96402,65169.36648,0,0,0,20110509, 13:52:02.9090,20110509, 13:52:50.0050,20110509, 13:52:26.9560,48.15304009,-122.6993299,48.15218,-122.7006317,48.152605,-122.699985,76.665658,12.1.64.44173,3,20220907, 15:57:53.9700,C:\Users\JPeraza\Documents\UW Summer 2022\EV Files\Mobile\Turbulence Removed\NR.May.09_c.EV,0.031685,-9999,-999,1,-70,1,-34,1,6.75,1,0,1.3526E-08,59.679051,4602.953326,1.09596E-08,1,Pacific herring,100,-41.31,1,508.246728,508.246728,25.00094,61.163163,73.665658,3.75,0,35458.18326,21838,120,,,Surface (depth of zero),0,-3,150,147,75.733451,72.733451,77.116147,74.116147,35653,1794,71438,0,-9999,-9999,-9999,-9999,-9999,,0,0,-9999,-9999,-9999,-9999,0,-9.90E+37,-9.90E+37,-9.90E+37,-9.90E+37,-9.90E+37,-9.90E+37,73.715169,31.301505,0.002139,1.206781,0.828651
105,GRID_A_N_5_09_05,North Grid,868,467,1,-86.376149,-53.241375,-69.945016,-982.160477,24.988466,62.967607,12411,2.480942,0,150,29036,29082,29059,65240.16031,65379.5168,65310.35006,0,0,0,20110509, 13:52:51.0070,20110509, 13:53:37.1030,20110509, 13:53:14.0530,48.15216333,-122.7006667,48.15127134,-122.7019704,48.15172775,-122.7013443,75.467638,12.1.64.44173,3,20220907, 15:57:53.9700,C:\Users\JPeraza\Documents\UW Summer 2022\EV Files\Mobile\Turbulence Removed\NR.May.09_c.EV,0.031685,-9999,-999,1,-70,1,-34,1,6.75,1,0,7.68074E-08,49.244107,2677.813457,5.75605E-08,1,Pacific herring,100,-41.31,1,2669.357122,2669.357122,24.988466,59.967607,72.467638,3.75,0,34828.75181,21722,120,,,Surface (depth of zero),0,-3,150,147,74.626844,71.626844,76.743934,73.743934,37025,1833,72991,0,-9999,-9999,-9999,-9999,-9999,,0,0,-9999,-9999,-9999,-9999,0,-9.90E+37,-9.90E+37,-9.90E+37,-9.90E+37,-9.90E+37,-9.90E+37,73.769319,15.122431,0.004029,1.055471,0.947445
105,GRID_A_N_5_09_05,North Grid,868,468,1,-93.868183,-67.214941,-69.949022,-985.206806,24.995944,62.846998,1849,0.050735,0,150,29083,29089,29086,65382.15758,65398.53783,65390.53546,0,0,0,20110509, 13:53:38.1050,20110509, 13:53:44.1180,20110509, 13:53:41.1120,48.15125276,-122.7019925,48.15112972,-122.7021113,48.15119161,-122.7020569,75.331552,12.1.64.44173,3,20220907, 15:57:53.9700,C:\Users\JPeraza\Documents\UW Summer 2022\EV Files\Mobile\Turbulence Removed\NR.May.09_c.EV,0.031685,-9999,-999,1,-70,1,-34,1,6.75,1,0,7.40307E-09,19.187581,391.27898,1.17712E-09,1,Pacific herring,100,-41.31,1,54.588532,54.588532,24.995944,59.846998,72.331552,3.75,0,5168.000511,3226,120,,,Surface (depth of zero),0,-3,150,147,75.04895,72.04895,75.560756,72.560756,5523,273,10871,0,-9999,-9999,-9999,-9999,-9999,,0,0,-9999,-9999,-9999,-9999,0,-9.90E+37,-9.90E+37,-9.90E+37,-9.90E+37,-9.90E+37,-9.90E+37,60.017183,5.932371,0.003245,0.536301,1.864624
107,GRID_A_N_5_09_04,North Grid,868,470,1,-82.296241,-51.065963,-69.962105,-980.769373,25.001352,65.054798,13210,6.226315,0,150,29211,29260,29235,65663.41842,65798.83741,65723.50783,0,0,0,20110509, 13:55:52.3760,20110509, 13:56:42.4840,20110509, 13:56:17.4290,48.14944705,-122.6998754,48.15020618,-122.698536,48.14969687,-122.6991976,77.550235,12.1.64.44173,3,20220907, 15:57:53.9700,C:\Users\JPeraza\Documents\UW Summer 2022\EV Files\Mobile\Turbulence Removed\NR.May.09_c.EV,0.031685,-9999,-999,1,-70,1,-34,1,6.75,1,0,1.624E-07,35.629343,1384.109693,1.44457E-07,1,Pacific herring,100,-41.31,1,6699.17344,6699.17344,25.001352,62.054798,74.550235,3.75,0,39657.31347,24208,120,,,Surface (depth of zero),0,-3,150,147,77.195404,74.195404,77.919056,74.919056,38282,1950,77650,0,-9999,-9999,-9999,-9999,-9999,,0,0,-9999,-9999,-9999,-9999,0,-9.90E+37,-9.90E+37,-9.90E+37,-9.90E+37,-9.90E+37,-9.90E+37,75.150825,4.437548,0.004921,1.644278,0.60817
107,GRID_A_N_5_09_04,North Grid,868,471,1,-92.362085,-58.922851,-69.749847,-986.737623,24.988734,62.421496,11883,0.625212,0,150,29261,29305,29283,65801.74142,65937.46769,65869.73607,0,0,0,20110509, 13:56:43.4860,20110509, 13:57:27.5830,20110509, 13:57:05.5370,48.15022209,-122.698505,48.15105484,-122.6971868,48.15065727,-122.6978701,74.923208,12.1.64.44173,3,20220907, 15:57:53.9700,C:\Users\JPeraza\Documents\UW Summer 2022\EV Files\Mobile\Turbulence Removed\NR.May.09_c.EV,0.031685,-9999,-999,1,-70,1,-34,1,6.75,1,0,2.06842E-08,50.308389,2802.294802,1.45056E-08,1,Pacific herring,100,-41.31,1,672.694227,672.694227,24.988734,59.421496,71.923208,3.75,0,32764.52145,20538,120,,,Surface (depth of zero),0,-3,150,147,72.620396,69.620396,77.245968,74.245968,35709,1755,69885,0,-9999,-9999,-9999,-9999,-9999,,0,0,-9999,-9999,-9999,-9999,0,-9.90E+37,-9.90E+37,-9.90E+37,-9.90E+37,-9.90E+37,-9.90E+37,69.55354,19.936114,0.001599,0.885024,1.129913
107,GRID_A_N_5_09_04,North Grid,868,472,1,-90.909563,-61.043987,-69.993102,-984.280522,25.006083,56.842988,11627,0.87414,0,150,29306,29349,29327,65940.54705,66078.23664,66007.53221,0,0,0,20110509, 13:57:28.5850,20110509, 13:58:11.6800,20110509, 13:57:49.6330,48.15107331,-122.697156,48.15191077,-122.6958089,48.15147318,-122.6964861,69.332989,12.1.64.44173,3,20220907, 15:57:53.9700,C:\Users\JPeraza\Documents\UW Summer 2022\EV Files\Mobile\Turbulence Removed\NR.May.09_c.EV,0.031685,-9999,-999,1,-70,1,-34,1,6.75,1,0,1.65422E-08,31.434514,1249.006421,2.0281E-08,1,Pacific herring,100,-41.31,1,940.527155,940.527155,25.006083,53.842988,66.332989,3.75,0,26425.51966,17484,120,,,Surface (depth of zero),0,-3,150,147,66.154509,63.154509,72.445778,69.445778,37505,1716,68332,0,-9999,-9999,-9999,-9999,-9999,,0,0,-9999,-9999,-9999,-9999,0,-9.90E+37,-9.90E+37,-9.90E+37,-9.90E+37,-9.90E+37,-9.90E+37,60.680755,61.714777,0.003784,2.63871,0.378973
107,GRID_A_N_5_09_04,North Grid,868,473,1,-99.712301,-68.182181,-69.984344,-991.24071,24.994769,53.973027,12150,0.115109,0,150,29350,29395,29372,66081.53804,66219.3244,66152.73928,0,0,0,20110509, 13:58:12.6810,20110509, 13:58:57.7740,20110509, 13:58:34.7280,48.15192922,-122.6957742,48.15272278,-122.6943834,48.1523482,-122.6950563,66.465603,12.1.64.44173,3,20220907, 15:57:53.9700,C:\Users\JPeraza\Documents\UW Summer 2022\EV Files\Mobile\Turbulence Removed\NR.May.09_c.EV,0.031685,-9999,-999,1,-70,1,-34,1,6.75,1,0,3.59105E-09,34.378443,1207.381826,2.67066E-09,1,Pacific herring,100,-41.31,1,123.851433,123.851433,24.994769,50.973027,63.465603,3.75,0,24770.88328,16886,120,,,Surface (depth of zero),0,-3,150,147,65.78814,62.78814,67.347559,64.347559,40608,1794,71438,0,-9999,-9999,-9999,-9999,-9999,,0,0,-9999,-9999,-9999,-9999,0,-9.90E+37,-9.90E+37,-9.90E+37,-9.90E+37,-9.90E+37,-9.90E+37,57.39192,33.199685,0.000905,1.017082,0.983205
107,GRID_A_N_5_09_04,North Grid,868,474,1,-76.233059,-42.936516,-69.978196,-981.417635,24.998197,59.131507,12680,25.650427,0,150,29396,29443,29419,66222.66324,66358.53373,66287.65517,0,0,0,20110509, 13:58:58.7760,20110509, 13:59:45.8730,20110509, 13:59:21.8220,48.15274648,-122.6943559,48.15352584,-122.6929727,48.15308532,-122.6936544,71.631941,12.1.64.44173,3,20220907, 15:57:53.9700,C:\Users\JPeraza\Documents\UW Summer 2022\EV Files\Mobile\Turbulence Removed\NR.May.09_c.EV,0.031685,-9999,-999,1,-70,1,-34,1,6.75,1,0,7.98363E-07,46.257613,2411.769994,5.95118E-07,1,Pacific herring,100,-41.31,1,27598.45301,27598.45301,24.998197,56.131507,68.631941,3.75,0,31262.40953,20236,120,,,Surface (depth of zero),0,-3,150,147,66.699369,63.699369,73.076076,70.076076,39756,1872,74544,0,-9999,-9999,-9999,-9999,-9999,,0,0,-9999,-9999,-9999,-9999,0,-9.90E+37,-9.90E+37,-9.90E+37,-9.90E+37,-9.90E+37,-9.90E+37,71.361222,3.967126,0.005757,1.066068,0.938026
107,GRID_A_N_5_09_04,North Grid,868,475,1,-101.837643,-69.135278,-69.913912,-994.027319,25.003932,54.030562,11626,0.070589,0,150,29444,29487,29465,66361.72641,66498.60814,66426.4257,0,0,0,20110509, 13:59:46.8750,20110509, 14:00:31.9640,20110509, 14:00:07.9180,48.15354913,-122.6929476,48.15447833,-122.6917583,48.15398,-122.69237,66.53197,12.1.64.44173,3,20220907, 15:57:53.9700,C:\Users\JPeraza\Documents\UW Summer 2022\EV Files\Mobile\Turbulence Removed\NR.May.09_c.EV,0.031685,-9999,-999,1,-70,1,-34,1,6.75,1,0,2.67481E-09,41.014318,1688.940752,1.63774E-09,1,Pacific herring,100,-41.31,1,75.94968,75.94968,25.003932,51.030562,63.53197,3.75,0,23800.45649,16176,120,,,Surface (depth of zero),0,-3,150,147,63.313042,60.313042,70.938426,67.938426,38814,1716,68332,0,-9999,-9999,-9999,-9999,-9999,,0,0,-9999,-9999,-9999,-9999,0,-9.90E+37,-9.90E+37,-9.90E+37,-9.90E+37,-9.90E+37,-9.90E+37,50.841582,119.177623,0.000602,0.659362,1.516618
107,GRID_A_N_5_09_04,North Grid,868,476,1,-92.67573,-60.22507,-69.877288,-988.937349,24.998533,52.174478,12416,0.58188,0,150,29488,29534,29511,66501.65182,66639.33538,66568.04307,0,0,0,20110509, 14:00:32.9660,20110509, 14:01:19.0850,20110509, 14:00:56.0160,48.1545,-122.6917333,48.1554473,-122.6905562,48.15494833,-122.6911517,64.672163,12.1.64.44173,3,20220907, 15:57:53.9700,C:\Users\JPeraza\Documents\UW Summer 2022\EV Files\Mobile\Turbulence Removed\NR.May.09_c.EV,0.031685,-9999,-999,1,-70,1,-34,1,6.75,1,0,1.60795E-08,44.639815,2317.578933,1.35002E-08,1,Pacific herring,100,-41.31,1,626.070799,626.070799,24.998533,49.174478,61.672163,3.75,0,23606.42289,16359,120,,,Surface (depth of zero),0,-3,150,147,62.350514,59.350514,66.500403,63.500403,42383,1833,72991,0,-9999,-9999,-9999,-9999,-9999,,0,0,-9999,-9999,-9999,-9999,0,-9.90E+37,-9.90E+37,-9.90E+37,-9.90E+37,-9.90E+37,-9.90E+37,52.688004,30.985036,0.002094,1.323939,0.755322
107,GRID_A_N_5_09_04,North Grid,868,477,1,-84.224524,-59.219666,-69.971447,-982.080961,19.162656,46.204587,8910,3.122447,0,150,29535,29578,29556,66642.42883,66779.17705,66711.95849,0,0,0,20110509, 14:01:20.0860,20110509, 14:02:05.1740,20110509, 14:01:41.1280,48.15547182,-122.6905365,48.15641285,-122.6893943,48.15600301,-122.6900544,57.513543,12.1.64.44173,3,20220907, 15:57:53.9700,C:\Users\JPeraza\Documents\UW Summer 2022\EV Files\Mobile\Turbulence Removed\NR.May.09_c.EV,0.031685,-9999,-999,1,-70,1,-34,1,6.75,1,0,3.84155E-08,16.817236,384.714237,7.24441E-08,1,Pacific herring,100,-41.31,1,3359.581927,3359.581927,19.162656,43.204587,54.513543,3.75,0,13248.16734,14700,120,,,Surface (depth of zero),0,-3,150,147,49.591596,46.591596,62.930404,59.930404,43006,1716,68332,0,-9999,-9999,-9999,-9999,-9999,,0,0,-9999,-9999,-9999,-9999,0,-9.90E+37,-9.90E+37,-9.90E+37,-9.90E+37,-9.90E+37,-9.90E+37,43.723308,87.662152,0.016049,8.088231,0.123636
107,GRID_A_N_5_09_04,North Grid,868,478,1,-86.448302,-65.675249,-69.936289,-984.977066,1.095009,36.952954,567,0.106925,0,150,29579,29627,29603,66782.26967,66919.70255,66847.7799,0,0,0,20110509, 14:02:06.1760,20110509, 14:02:54.2760,20110509, 14:02:30.2250,48.15643296,-122.6893656,48.15697793,-122.6877333,48.15673496,-122.6886251,42.686057,12.1.64.44173,3,20220907, 15:57:53.9700,C:\Users\JPeraza\Documents\UW Summer 2022\EV Files\Mobile\Turbulence Removed\NR.May.09_c.EV,0.031685,-9999,-999,1,-70,1,-34,1,6.75,1,0,2.12963E-08,10.044643,104.950622,2.48078E-09,1,Pacific herring,100,-41.31,1,115.045443,115.045443,1.095009,33.952954,39.686057,3.75,0,518.019516,18050,120,,,Surface (depth of zero),0,-3,150,147,36.497652,33.497652,49.213955,46.213955,55569,1911,76097,0,-9999,-9999,-9999,-9999,-9999,,0,0,-9999,-9999,-9999,-9999,0,-9.90E+37,-9.90E+37,-9.90E+37,-9.90E+37,-9.90E+37,-9.90E+37,37.43746,11.884136,0.012346,0.601474,1.662583
107,GRID_A_N_5_09_04,North Grid,868,479,1,-79.288177,-52.176248,-69.983026,-985.420841,6.191194,23.735556,2617,3.143754,0,150,29628,29667,29647,66922.96187,67057.34072,66988.49273,0,0,0,20110509, 14:02:55.2770,20110509, 14:03:34.3590,20110509, 14:03:14.3170,48.15698999,-122.6876934,48.15723071,-122.6859616,48.15712,-122.6868675,31.009187,12.1.64.44173,3,20220907, 15:57:53.9700,C:\Users\JPeraza\Documents\UW Summer 2022\EV Files\Mobile\Turbulence Removed\NR.May.09_c.EV,0.031685,-9999,-999,1,-70,1,-34,1,6.75,1,0,1.72563E-07,32.302669,1114.938367,7.29385E-08,1,Pacific herring,100,-41.31,1,3382.506911,3382.506911,6.191194,20.735556,28.009187,3.75,0,964.15112,7641,120,,,Surface (depth of zero),0,-3,150,147,25.076297,22.076297,36.200038,33.200038,50302,1560,62120,0,-9999,-9999,-9999,-9999,-9999,,0,0,-9999,-9999,-9999,-9999,0,-9.90E+37,-9.90E+37,-9.90E+37,-9.90E+37,-9.90E+37,-9.90E+37,16.296771,108.683896,0.033244,1.149342,0.870063
107,GRID_A_N_5_09_04,North Grid,868,480,1,-73.3316,-52.700807,-69.996054,-989.884017,9.235927,12.115954,4392,18.484698,0,150,29668,29712,29690,67060.82227,67197.27567,67131.85368,0,0,0,20110509, 14:03:35.3610,20110509, 14:04:19.4520,20110509, 14:03:57.4070,48.15724124,-122.6859176,48.15793613,-122.684462,48.15753437,-122.6850873,16.5013,12.1.64.44173,3,20220907, 15:57:53.9700,C:\Users\JPeraza\Documents\UW Summer 2022\EV Files\Mobile\Turbulence Removed\NR.May.09_c.EV,0.031685,-9999,-999,1,-70,1,-34,1,6.75,1,0,2.37787E-07,12.336099,206.236743,4.28865E-07,1,Pacific herring,100,-41.31,1,19888.52112,19888.52112,9.235927,9.115954,13.5013,3.75,0,327.909542,251,120,,,Surface (depth of zero),0,-3,150,147,10.908602,7.908602,24.80477,21.80477,63487,1755,69885,0,-9999,-9999,-9999,-9999,-9999,,0,0,-9999,-9999,-9999,-9999,0,-9.90E+37,-9.90E+37,-9.90E+37,-9.90E+37,-9.90E+37,-9.90E+37,10.814795,5.149634,0.112933,15.270014,0.065488
107,GRID_A_N_5_09_04,North Grid,868,481,1,-74.265391,-58.180633,-69.405099,-995.404774,2.156577,8.139545,433,1.613197,0,150,29713,29731,29722,67200.58457,67261.66731,67231.30564,0,0,0,20110509, 14:04:20.4550,20110509, 14:04:38.4960,20110509, 14:04:29.4760,48.15794751,-122.6844209,48.15778168,-122.6837175,48.15795765,-122.6840164,10.279316,12.1.64.44173,3,20220907, 15:57:53.9700,C:\Users\JPeraza\Documents\UW Summer 2022\EV Files\Mobile\Turbulence Removed\NR.May.09_c.EV,0.031685,-9999,-999,1,-70,1,-34,1,6.75,1,0,1.76864E-07,6.140064,40.880194,3.74279E-08,1,Pacific herring,100,-41.31,1,1735.711505,1735.711505,2.156577,5.139545,7.279316,3.75,0,9.148763,279,120,,,Surface (depth of zero),0,-3,150,147,9.672157,6.672157,10.762619,7.762619,28054,741,29507,0,-9999,-9999,-9999,-9999,-9999,,0,0,-9999,-9999,-9999,-9999,0,-9.90E+37,-9.90E+37,-9.90E+37,-9.90E+37,-9.90E+37,-9.90E+37,9.168427,2.163933,0.076212,1.762272,0.567449
109,GRID_A_N_5_09_03,North Grid,868,482,1,-77.368631,-55.654631,-69.997463,-987.938795,13.129292,14.365859,4856,8.442472,0,150,29762,29796,29779,67369.02387,67478.05968,67421.06279,0,0,0,20110509, 14:05:10.5600,20110509, 14:05:44.6340,20110509, 14:05:27.5980,48.15699317,-122.6829495,48.15608673,-122.6834382,48.15655485,-122.6831832,19.868008,12.1.64.44173,3,20220907, 15:57:53.9700,C:\Users\JPeraza\Documents\UW Summer 2022\EV Files\Mobile\Turbulence Removed\NR.May.09_c.EV,0.031685,-9999,-999,1,-70,1,-34,1,6.75,1,0,1.1105E-07,12.74436,220.7206,1.95874E-07,1,Pacific herring,100,-41.31,1,9083.636997,9083.636997,13.129292,11.365859,16.868008,3.75,0,588.220347,0,120,,,Surface (depth of zero),0,-3,150,147,12.782894,9.782894,29.350403,26.350403,48134,1365,54355,0,-9999,-9999,-9999,-9999,-9999,,0,0,-9999,-9999,-9999,-9999,0,-9.90E+37,-9.90E+37,-9.90E+37,-9.90E+37,-9.90E+37,-9.90E+37,15.386724,31.11779,0.061161,12.188708,0.082043
109,GRID_A_N_5_09_03,North Grid,868,483,1,-80.268631,-52.85544,-69.992774,-987.218592,16.135584,21.963302,7332,6.537525,0,150,29797,29839,29818,67480.98042,67619.637,67545.70339,0,0,0,20110509, 14:05:45.6370,20110509, 14:06:27.7250,20110509, 14:06:06.6810,48.15607065,-122.6834693,48.15550062,-122.6851181,48.15579555,-122.6842317,35.553107,12.1.64.44173,3,20220907, 15:57:53.9700,C:\Users\JPeraza\Documents\UW Summer 2022\EV Files\Mobile\Turbulence Removed\NR.May.09_c.EV,0.031685,-9999,-999,1,-70,1,-34,1,6.75,1,0,1.13324E-07,33.801103,1399.442078,1.51678E-07,1,Pacific herring,100,-41.31,1,7034.018647,7034.018647,16.135584,18.963302,32.553107,3.75,0,2395.043693,5765,120,,,Surface (depth of zero),0,-3,150,147,29.817927,26.817927,40.316413,37.316413,52005,1677,66779,0,-9999,-9999,-9999,-9999,-9999,,0,0,-9999,-9999,-9999,-9999,0,-9.90E+37,-9.90E+37,-9.90E+37,-9.90E+37,-9.90E+37,-9.90E+37,18.450964,61.483906,0.03096,4.742027,0.21088
109,GRID_A_N_5_09_03,North Grid,868,484,1,-77.593866,-50.59179,-69.997512,-979.05098,16.830295,34.318281,6047,12.623999,0,150,29840,29873,29856,67623.30752,67755.38349,67683.62398,0,0,0,20110509, 14:06:28.7270,20110509, 14:07:01.7950,20110509, 14:06:44.7600,48.15548514,-122.6851616,48.15494906,-122.6867357,48.15527319,-122.6859061,45.127661,12.1.64.44173,3,20220907, 15:57:53.9700,C:\Users\JPeraza\Documents\UW Summer 2022\EV Files\Mobile\Turbulence Removed\NR.May.09_c.EV,0.031685,-9999,-999,1,-70,1,-34,1,6.75,1,0,2.29058E-07,29.856968,981.475751,2.9289E-07,1,Pacific herring,100,-41.31,1,13582.73075,13582.73075,16.830295,31.318281,42.127661,3.75,0,4876.940716,7748,120,,,Surface (depth of zero),0,-3,150,147,40.522762,37.522762,51.54756,48.54756,37681,1326,52802,0,-9999,-9999,-9999,-9999,-9999,,0,0,-9999,-9999,-9999,-9999,0,-9.90E+37,-9.90E+37,-9.90E+37,-9.90E+37,-9.90E+37,-9.90E+37,34.352348,38.844585,0.054738,3.284563,0.304455
109,GRID_A_N_5_09_03,North Grid,868,485,1,-75.995518,-46.237742,-69.997087,-977.290073,9.612456,53.013956,3860,10.417761,0,150,29874,29911,29892,67760.09046,67896.47626,67835.38233,0,0,0,20110509, 14:07:02.7970,20110509, 14:07:39.8730,20110509, 14:07:20.8330,48.15493266,-122.686794,48.15425098,-122.6882684,48.15461728,-122.6876795,60.570982,12.1.64.44173,3,20220907, 15:57:53.9700,C:\Users\JPeraza\Documents\UW Summer 2022\EV Files\Mobile\Turbulence Removed\NR.May.09_c.EV,0.031685,-9999,-999,1,-70,1,-34,1,6.75,1,0,6.4084E-07,34.066496,1191.360244,2.41703E-07,1,Pacific herring,100,-41.31,1,11208.93914,11208.93914,9.612456,50.013956,57.570982,3.75,0,7561.661335,17760,120,,,Surface (depth of zero),0,-3,150,147,52.330512,49.330512,63.942455,60.942455,35912,1482,59014,0,-9999,-9999,-9999,-9999,-9999,,0,0,-9999,-9999,-9999,-9999,0,-9.90E+37,-9.90E+37,-9.90E+37,-9.90E+37,-9.90E+37,-9.90E+37,55.150597,8.532596,0.024352,0.561642,1.780494
109,GRID_A_N_5_09_03,North Grid,868,486,1,-82.151345,-59.348649,-69.996279,-977.25959,24.268396,46.809456,11284,6.373799,0,150,29912,29955,29933,67900.17403,68034.13202,67968.3263,0,0,0,20110509, 14:07:40.8740,20110509, 14:08:23.9660,20110509, 14:08:01.9200,48.15423306,-122.6883102,48.15338167,-122.6895583,48.15383207,-122.6889911,59.574359,12.1.64.44173,3,20220907, 15:57:53.9700,C:\Users\JPeraza\Documents\UW Summer 2022\EV Files\Mobile\Turbulence Removed\NR.May.09_c.EV,0.031685,-9999,-999,1,-70,1,-34,1,6.75,1,0,4.09816E-08,10.776641,168.800992,1.47879E-07,1,Pacific herring,100,-41.31,1,6857.858661,6857.858661,24.268396,43.809456,56.574359,3.75,0,17136.14241,13284,120,,,Surface (depth of zero),0,-3,150,147,57.322647,54.322647,63.628233,60.628233,42048,1716,68332,0,-9999,-9999,-9999,-9999,-9999,,0,0,-9999,-9999,-9999,-9999,0,-9.90E+37,-9.90E+37,-9.90E+37,-9.90E+37,-9.90E+37,-9.90E+37,51.329523,48.775327,0.031638,23.098671,0.043293
109,GRID_A_N_5_09_03,North Grid,868,487,1,-87.047699,-63.546143,-69.978307,-979.840935,19.717885,51.367581,10210,1.67719,0,150,29956,30004,29980,68042.19376,68179.13534,68121.18947,0,0,0,20110509, 14:08:26.9680,20110509, 14:09:16.0670,20110509, 14:08:52.0170,48.15333333,-122.6896383,48.15256333,-122.691015,48.15297,-122.6905367,62.925846,12.1.64.44173,3,20220907, 15:57:53.9700,C:\Users\JPeraza\Documents\UW Summer 2022\EV Files\Mobile\Turbulence Removed\NR.May.09_c.EV,0.031685,-9999,-999,1,-70,1,-34,1,6.75,1,0,1.96426E-08,11.645411,157.748527,3.89126E-08,1,Pacific herring,100,-41.31,1,1804.564399,1804.564399,19.717885,48.367581,59.925846,3.75,0,18862.07651,18887,120,,,Surface (depth of zero),0,-3,150,147,59.933384,56.933384,66.912385,63.912385,45089,1911,76097,0,-9999,-9999,-9999,-9999,-9999,,0,0,-9999,-9999,-9999,-9999,0,-9.90E+37,-9.90E+37,-9.90E+37,-9.90E+37,-9.90E+37,-9.90E+37,58.64299,110.571842,0.011557,9.656064,0.103562
109,GRID_A_N_5_09_03,North Grid,868,488,1,-83.003215,-56.11223,-69.99288,-975.508475,24.996984,53.446759,13736,5.395826,0,150,30005,30056,30030,68182.25097,68315.12727,68249.92807,0,0,0,20110509, 14:09:17.0690,20110509, 14:10:08.1740,20110509, 14:09:42.1200,48.152545,-122.6910467,48.15163423,-122.6921821,48.15209256,-122.6916462,65.942616,12.1.64.44173,3,20220907, 15:57:53.9700,C:\Users\JPeraza\Documents\UW Summer 2022\EV Files\Mobile\Turbulence Removed\NR.May.09_c.EV,0.031685,-9999,-999,1,-70,1,-34,1,6.75,1,0,4.02212E-08,28.639025,1450.337457,1.25189E-07,1,Pacific herring,100,-41.31,1,5805.612936,5805.612936,24.996984,50.446759,62.942616,3.75,0,27448.24715,18799,120,,,Surface (depth of zero),0,-3,150,147,64.3025,61.3025,67.086583,64.086583,46193,2028,80756,0,-9999,-9999,-9999,-9999,-9999,,0,0,-9999,-9999,-9999,-9999,0,-9.90E+37,-9.90E+37,-9.90E+37,-9.90E+37,-9.90E+37,-9.90E+37,58.868194,49.114695,0.029776,19.846695,0.050386
109,GRID_A_N_5_09_03,North Grid,868,489,1,-97.748256,-65.43347,-69.902354,-990.930955,24.996709,51.1051,14000,0.180946,0,150,30057,30109,30083,68323.57879,68458.8644,68392.46308,0,0,0,20110509, 14:10:11.1900,20110509, 14:11:03.3050,20110509, 14:10:37.2460,48.15159153,-122.6922753,48.15074061,-122.6935488,48.15118679,-122.6929618,63.603493,12.1.64.44173,3,20220907, 15:57:53.9700,C:\Users\JPeraza\Documents\UW Summer 2022\EV Files\Mobile\Turbulence Removed\NR.May.09_c.EV,0.031685,-9999,-999,1,-70,1,-34,1,6.75,1,0,5.09148E-09,34.588726,1366.739776,4.19814E-09,1,Pacific herring,100,-41.31,1,194.688016,194.688016,24.996709,48.1051,60.603493,3.75,0,25482.70735,17849,120,,,Surface (depth of zero),0,-3,150,147,62.914379,59.914379,64.505024,61.505024,48393,2067,82309,0,-9999,-9999,-9999,-9999,-9999,,0,0,-9999,-9999,-9999,-9999,0,-9.90E+37,-9.90E+37,-9.90E+37,-9.90E+37,-9.90E+37,-9.90E+37,52.481839,94.465202,0.001214,1.440052,0.694419
109,GRID_A_N_5_09_03,North Grid,868,490,1,-84.61704,-51.056918,-69.910388,-984.864618,24.998804,54.154423,13737,3.721406,0,150,30110,30161,30135,68461.5097,68599.6138,68533.9456,0,0,0,20110509, 14:11:04.3080,20110509, 14:11:56.4130,20110509, 14:11:29.3580,48.15072637,-122.6935773,48.14983988,-122.6948319,48.15032633,-122.6943403,66.653678,12.1.64.44173,3,20220907, 15:57:53.9700,C:\Users\JPeraza\Documents\UW Summer 2022\EV Files\Mobile\Turbulence Removed\NR.May.09_c.EV,0.031685,-9999,-999,1,-70,1,-34,1,6.75,1,0,1.30029E-07,46.653804,2294.900799,8.63406E-08,1,Pacific herring,100,-41.31,1,4004.028991,4004.028991,24.998804,51.154423,63.653678,3.75,0,28227.74687,19187,120,,,Surface (depth of zero),0,-3,150,147,63.963724,60.963724,69.372363,66.372363,45804,2028,80756,0,-9999,-9999,-9999,-9999,-9999,,0,0,-9999,-9999,-9999,-9999,0,-9.90E+37,-9.90E+37,-9.90E+37,-9.90E+37,-9.90E+37,-9.90E+37,63.802764,4.849772,0.003276,0.916564,1.091031
109,GRID_A_N_5_09_03,North Grid,868,491,1,-99.076184,-64.091525,-69.987875,-990.722863,25.000981,59.654428,13474,0.1333,0,150,30162,30212,30187,68601.51926,68737.60965,68671.31607,0,0,0,20110509, 14:11:57.4150,20110509, 14:12:48.5400,20110509, 14:12:23.4700,48.14982406,-122.6948414,48.14880189,-122.6958079,48.14931853,-122.6953756,72.149779,12.1.64.44173,3,20220907, 15:57:53.9700,C:\Users\JPeraza\Documents\UW Summer 2022\EV Files\Mobile\Turbulence Removed\NR.May.09_c.EV,0.031685,-9999,-999,1,-70,1,-34,1,6.75,1,0,5.4373E-09,53.5841,3223.246394,3.09271E-09,1,Pacific herring,100,-41.31,1,143.423599,143.423599,25.000981,56.654428,69.149779,3.75,0,33838.62354,21782,120,,,Surface (depth of zero),0,-3,150,147,69.303695,66.303695,75.574725,72.574725,41958,1989,79203,0,-9999,-9999,-9999,-9999,-9999,,0,0,-9999,-9999,-9999,-9999,0,-9.90E+37,-9.90E+37,-9.90E+37,-9.90E+37,-9.90E+37,-9.90E+37,67.365179,31.177016,0.000668,0.659678,1.515891
109,GRID_A_N_5_09_03,North Grid,868,492,1,-89.125083,-63.776756,-69.945941,-978.801223,24.389254,65.10242,10567,1.17153,0,150,30213,30253,30233,68740.36229,68866.57095,68800.17945,0,0,0,20110509, 14:12:49.5420,20110509, 14:13:29.6280,20110509, 14:13:09.5860,48.14877973,-122.6958244,48.14799995,-122.697038,48.14837119,-122.6963425,77.635808,12.1.64.44173,3,20220907, 15:57:53.9700,C:\Users\JPeraza\Documents\UW Summer 2022\EV Files\Mobile\Turbulence Removed\NR.May.09_c.EV,0.031685,-9999,-999,1,-70,1,-34,1,6.75,1,0,1.51024E-08,14.75172,256.176917,2.71808E-08,1,Pacific herring,100,-41.31,1,1260.501867,1260.501867,24.389254,62.10242,74.635808,3.75,760,31776.93582,19387,120,,,Surface (depth of zero),0,-3,150,147,75.630416,72.630416,78.68804,75.68804,31360,1599,63673,0,-9999,-9999,-9999,-9999,-9999,,0,0,-9999,-9999,-9999,-9999,0,-9.90E+37,-9.90E+37,-9.90E+37,-9.90E+37,-9.90E+37,-9.90E+37,74.06803,43.126362,0.007665,6.517427,0.153435
111,GRID_A_N_5_09_02,North Grid,868,494,1,-89.223624,-67.627173,-69.538678,-978.631778,24.982426,67.995313,792,0.064377,0,150,30375,30377,30376,69154.5544,69159.67865,69157.07471,0,0,0,20110509, 14:15:31.8900,20110509, 14:15:33.8930,20110509, 14:15:32.8910,48.14632667,-122.6949106,48.14633482,-122.6948429,48.1463298,-122.694877,80.486388,12.1.64.44173,3,20220907, 15:57:53.9700,C:\Users\JPeraza\Documents\UW Summer 2022\EV Files\Mobile\Turbulence Removed\NR.May.09_c.EV,0.031685,-9999,-999,1,-70,1,-34,1,6.75,1,0,1.27753E-08,10.797036,117.173432,1.49363E-09,1,Pacific herring,100,-41.31,1,69.266642,69.266642,24.982426,64.995313,77.486388,3.75,0,2605.160374,1546,120,,,Surface (depth of zero),0,-3,150,147,80.431269,77.431269,80.559518,77.559518,2204,117,4659,0,-9999,-9999,-9999,-9999,-9999,,0,0,-9999,-9999,-9999,-9999,0,-9.90E+37,-9.90E+37,-9.90E+37,-9.90E+37,-9.90E+37,-9.90E+37,70.440468,43.231097,0.008838,0.651699,1.534452
111,GRID_A_N_5_09_02,North Grid,868,495,1,-85.61097,-54.887,-69.919771,-978.441532,25.00089,64.835733,10832,2.9604,0,150,30378,30418,30398,69162.23162,69296.90538,69225.41131,0,0,0,20110509, 14:15:34.8950,20110509, 14:16:14.9750,20110509, 14:15:54.9350,48.14633984,-122.6948094,48.14722833,-122.6935983,48.14674137,-122.6942221,77.336562,12.1.64.44173,3,20220907, 15:57:53.9700,C:\Users\JPeraza\Documents\UW Summer 2022\EV Files\Mobile\Turbulence Removed\NR.May.09_c.EV,0.031685,-9999,-999,1,-70,1,-34,1,6.75,1,0,6.03579E-08,40.730681,1894.755605,6.86845E-08,1,Pacific herring,100,-41.31,1,3185.227739,3185.227739,25.00089,61.835733,74.336562,3.75,0,32337.3042,19756,120,,,Surface (depth of zero),0,-3,150,147,73.413571,70.413571,80.338929,77.338929,31486,1599,63673,0,-9999,-9999,-9999,-9999,-9999,,0,0,-9999,-9999,-9999,-9999,0,-9.90E+37,-9.90E+37,-9.90E+37,-9.90E+37,-9.90E+37,-9.90E+37,71.329739,32.172441,0.008678,2.119428,0.471826
111,GRID_A_N_5_09_02,North Grid,868,496,1,-87.555423,-53.177247,-69.92085,-986.106646,25.002348,56.846894,10040,1.89204,0,150,30419,30456,30437,69300.41025,69436.59804,69365.04291,0,0,0,20110509, 14:16:15.9770,20110509, 14:16:53.0590,20110509, 14:16:34.0190,48.14725167,-122.6935667,48.14810833,-122.6922633,48.147655,-122.6929433,69.346226,12.1.64.44173,3,20220907, 15:57:53.9700,C:\Users\JPeraza\Documents\UW Summer 2022\EV Files\Mobile\Turbulence Removed\NR.May.09_c.EV,0.031685,-9999,-999,1,-70,1,-34,1,6.75,1,0,6.28017E-08,56.910116,3837.744466,4.38974E-08,1,Pacific herring,100,-41.31,1,2035.731259,2035.731259,25.002348,53.846894,66.346226,3.75,0,22833.32313,15102,120,,,Surface (depth of zero),0,-3,150,147,65.621556,62.621556,73.369598,70.369598,32390,1482,59014,0,-9999,-9999,-9999,-9999,-9999,,0,0,-9999,-9999,-9999,-9999,0,-9.90E+37,-9.90E+37,-9.90E+37,-9.90E+37,-9.90E+37,-9.90E+37,63.305686,6.253367,0.002291,0.742064,1.347592
111,GRID_A_N_5_09_02,North Grid,868,497,1,-69.924282,-38.819813,-69.945016,-982.003993,24.991583,51.719456,8187,109.611813,0,150,30457,30487,30472,69440.32359,69576.09495,69508.53433,0,0,0,20110509, 14:16:54.0630,20110509, 14:17:29.1300,20110509, 14:17:12.0960,48.14813333,-122.69223,48.14901774,-122.6909767,48.14856167,-122.691575,64.224414,12.1.64.44173,3,20220907, 15:57:53.9700,C:\Users\JPeraza\Documents\UW Summer 2022\EV Files\Mobile\Turbulence Removed\NR.May.09_c.EV,0.031685,-9999,-999,1,-70,1,-34,1,6.75,1,0,2.54183E-06,37.229748,1581.594627,2.54311E-06,1,Pacific herring,100,-41.31,1,117936.2993,117936.2993,24.991583,48.719456,61.224414,3.75,0,15277.21135,10642,120,,,Surface (depth of zero),0,-3,150,147,63.619723,60.619723,65.607168,62.607168,28105,1209,48143,0,-9999,-9999,-9999,-9999,-9999,,0,0,-9999,-9999,-9999,-9999,0,-9.90E+37,-9.90E+37,-9.90E+37,-9.90E+37,-9.90E+37,-9.90E+37,61.203453,0.472048,0.007084,1.239837,0.806558
111,GRID_A_N_5_09_02,North Grid,868,498,1,-71.42497,-37.247287,-69.950806,-983.375743,24.998648,50.268274,9246,77.608875,0,150,30488,30522,30505,69580.05623,69719.90084,69654.61241,0,0,0,20110509, 14:17:30.1310,20110509, 14:18:06.2030,20110509, 14:17:49.1660,48.14904264,-122.6909386,48.14990612,-122.6895811,48.14951706,-122.690232,62.770592,12.1.64.44173,3,20220907, 15:57:53.9700,C:\Users\JPeraza\Documents\UW Summer 2022\EV Files\Mobile\Turbulence Removed\NR.May.09_c.EV,0.031685,-9999,-999,1,-70,1,-34,1,6.75,1,0,3.10024E-06,53.311659,2955.201058,1.80061E-06,1,Pacific herring,100,-41.31,1,83502.89377,83502.89377,24.998648,47.268274,59.770592,3.75,0,16267.04183,11477,120,,,Surface (depth of zero),0,-3,150,147,60.464773,57.464773,63.716312,60.716312,32267,1365,54355,0,-9999,-9999,-9999,-9999,-9999,,0,0,-9999,-9999,-9999,-9999,0,-9.90E+37,-9.90E+37,-9.90E+37,-9.90E+37,-9.90E+37,-9.90E+37,58.057589,0.23392,0.005949,0.472078,2.118296
111,GRID_A_N_5_09_02,North Grid,868,499,1,-98.791517,-67.301728,-69.933659,-995.918936,24.995213,45.484305,9773,0.142297,0,150,30523,30559,30541,69723.18979,69857.85249,69790.16389,0,0,0,20110509, 14:18:07.2050,20110509, 14:18:43.2830,20110509, 14:18:25.2460,48.14992376,-122.6895456,48.15078313,-122.6882795,48.15034677,-122.6889104,57.977679,12.1.64.44173,3,20220907, 15:57:53.9700,C:\Users\JPeraza\Documents\UW Summer 2022\EV Files\Mobile\Turbulence Removed\NR.May.09_c.EV,0.031685,-9999,-999,1,-70,1,-34,1,6.75,1,0,4.22497E-09,33.571621,1180.999303,3.30145E-09,1,Pacific herring,100,-41.31,1,153.104193,153.104193,24.995213,42.484305,54.977679,3.75,0,13971.25029,10263,120,,,Surface (depth of zero),0,-3,150,147,55.567815,52.567815,60.213764,57.213764,35982,1443,57461,0,-9999,-9999,-9999,-9999,-9999,,0,0,-9999,-9999,-9999,-9999,0,-9.90E+37,-9.90E+37,-9.90E+37,-9.90E+37,-9.90E+37,-9.90E+37,36.213854,57.78151,0.001023,0.903084,1.107317
111,GRID_A_N_5_09_02,North Grid,868,500,1,-99.195382,-68.515169,-69.884965,-993.133192,24.990537,41.941612,9243,0.129637,0,150,30560,30594,30577,69861.54763,69996.59762,69928.32862,0,0,0,20110509, 14:18:44.2850,20110509, 14:19:19.3560,20110509, 14:19:01.3190,48.15080647,-122.6882441,48.15170364,-122.6870271,48.15126313,-122.6876628,54.44334,12.1.64.44173,3,20220907, 15:57:53.9700,C:\Users\JPeraza\Documents\UW Summer 2022\EV Files\Mobile\Turbulence Removed\NR.May.09_c.EV,0.031685,-9999,-999,1,-70,1,-34,1,6.75,1,0,3.67496E-09,30.844392,961.555478,3.00772E-09,1,Pacific herring,100,-41.31,1,139.482385,139.482385,24.990537,38.941612,51.44334,3.75,0,11156.096,8399,120,,,Surface (depth of zero),0,-3,150,147,53.288504,50.288504,56.361085,53.361085,35348,1365,54355,0,-9999,-9999,-9999,-9999,-9999,,0,0,-9999,-9999,-9999,-9999,0,-9.90E+37,-9.90E+37,-9.90E+37,-9.90E+37,-9.90E+37,-9.90E+37,45.590105,75.290957,0.001082,0.937222,1.066983
111,GRID_A_N_5_09_02,North Grid,868,501,1,-90.910443,-64.173483,-69.964665,-988.075219,25.002886,43.126987,9776,0.873852,0,150,30595,30631,30613,70000.71719,70139.08594,70072.73476,0,0,0,20110509, 14:19:20.3580,20110509, 14:19:57.4390,20110509, 14:19:39.3990,48.15173284,-122.686993,48.15261858,-122.6856935,48.15219403,-122.6863176,55.625847,12.1.64.44173,3,20220907, 15:57:53.9700,C:\Users\JPeraza\Documents\UW Summer 2022\EV Files\Mobile\Turbulence Removed\NR.May.09_c.EV,0.031685,-9999,-999,1,-70,1,-34,1,6.75,1,0,1.33883E-08,19.33268,417.591834,2.02743E-08,1,Pacific herring,100,-41.31,1,940.216427,940.216427,25.002886,40.126987,52.625847,3.75,0,12514.53654,9340,120,,,Surface (depth of zero),0,-3,150,147,53.923555,50.923555,57.916831,54.916831,36902,1443,57461,0,-9999,-9999,-9999,-9999,-9999,,0,0,-9999,-9999,-9999,-9999,0,-9.90E+37,-9.90E+37,-9.90E+37,-9.90E+37,-9.90E+37,-9.90E+37,42.304537,65.631758,0.004399,3.38146,0.29573
111,GRID_A_N_5_09_02,North Grid,868,502,1,-84.706083,-53.961409,-69.963011,-986.856921,24.995944,36.605546,11094,3.645466,0,150,30632,30673,30652,70142.5582,70277.60393,70209.33767,0,0,0,20110509, 14:19:58.4410,20110509, 14:20:39.5300,20110509, 14:20:18.4840,48.1526399,-122.6856594,48.15328744,-122.6842647,48.15293383,-122.6849755,49.109217,12.1.64.44173,3,20220907, 15:57:53.9700,C:\Users\JPeraza\Documents\UW Summer 2022\EV Files\Mobile\Turbulence Removed\NR.May.09_c.EV,0.031685,-9999,-999,1,-70,1,-34,1,6.75,1,0,7.44682E-08,42.393944,2062.262172,8.45788E-08,1,Pacific herring,100,-41.31,1,3922.321714,3922.321714,24.995944,33.605546,46.109217,3.75,0,10187.29311,7710,120,,,Surface (depth of zero),0,-3,150,147,44.138057,41.138057,53.680968,50.680968,44784,1638,65226,0,-9999,-9999,-9999,-9999,-9999,,0,0,-9999,-9999,-9999,-9999,0,-9.90E+37,-9.90E+37,-9.90E+37,-9.90E+37,-9.90E+37,-9.90E+37,36.016782,58.974565,0.009465,2.163233,0.462271
111,GRID_A_N_5_09_02,North Grid,868,503,1,-81.884025,-54.885455,-69.999447,-983.784657,22.592458,35.816912,10266,6.31034,0,150,30674,30716,30695,70280.93981,70417.88458,70348.30287,0,0,0,20110509, 14:20:40.5330,20110509, 14:21:22.6240,20110509, 14:21:01.5770,48.15330901,-122.6842335,48.15415898,-122.682913,48.15371186,-122.6835595,47.255029,12.1.64.44173,3,20220907, 15:57:53.9700,C:\Users\JPeraza\Documents\UW Summer 2022\EV Files\Mobile\Turbulence Removed\NR.May.09_c.EV,0.031685,-9999,-999,1,-70,1,-34,1,6.75,1,0,8.04452E-08,25.683917,834.481779,1.46407E-07,1,Pacific herring,100,-41.31,1,6789.579932,6789.579932,22.592458,32.816912,44.255029,3.75,0,8917.857713,8145,120,,,Surface (depth of zero),0,-3,150,147,41.11299,38.11299,50.911657,47.911657,46691,1677,66779,0,-9999,-9999,-9999,-9999,-9999,,0,0,-9999,-9999,-9999,-9999,0,-9.90E+37,-9.90E+37,-9.90E+37,-9.90E+37,-9.90E+37,-9.90E+37,35.960291,56.51591,0.021917,6.264108,0.15964
111,GRID_A_N_5_09_02,North Grid,868,504,1,-82.804408,-64.398979,-69.993372,-984.92862,5.062726,28.29332,1605,0.798157,0,150,30717,30746,30731,70421.26454,70515.27524,70465.6585,0,0,0,20110509, 14:21:23.6270,20110509, 14:21:52.6900,20110509, 14:21:37.6560,48.15418171,-122.6828828,48.15454475,-122.6817579,48.15437176,-122.6823705,35.757712,12.1.64.44173,3,20220907, 15:57:53.9700,C:\Users\JPeraza\Documents\UW Summer 2022\EV Files\Mobile\Turbulence Removed\NR.May.09_c.EV,0.031685,-9999,-999,1,-70,1,-34,1,6.75,1,0,3.37009E-08,7.212419,55.997818,1.85181E-08,1,Pacific herring,100,-41.31,1,858.772992,858.772992,5.062726,25.29332,32.757712,3.75,256,879.695941,7341,120,,,Surface (depth of zero),0,-3,150,147,30.929905,27.929905,40.729139,37.729139,36218,1170,46590,0,-9999,-9999,-9999,-9999,-9999,,0,0,-9999,-9999,-9999,-9999,0,-9.90E+37,-9.90E+37,-9.90E+37,-9.90E+37,-9.90E+37,-9.90E+37,25.3464,107.206826,0.027414,3.591048,0.27847
113,GRID_A_N_5_09_01,North Grid,868,506,1,-85.211832,-60.896458,-69.997512,-986.046684,24.999324,32.973543,7397,2.391175,0,150,30809,30836,30822,70737.44299,70837.61865,70783.40143,0,0,0,20110509, 14:22:56.8230,20110509, 14:23:23.8780,20110509, 14:23:09.8510,48.15314539,-122.6801587,48.15240651,-122.6808228,48.15274958,-122.6803217,45.470061,12.1.64.44173,3,20220907, 15:57:53.9700,C:\Users\JPeraza\Documents\UW Summer 2022\EV Files\Mobile\Turbulence Removed\NR.May.09_c.EV,0.031685,-9999,-999,1,-70,1,-34,1,6.75,1,0,2.79834E-08,14.91787,321.783964,5.54778E-08,1,Pacific herring,100,-41.31,1,2572.772742,2572.772742,24.999324,29.973543,42.470061,3.75,0,5496.430221,4064,120,,,Surface (depth of zero),0,-3,150,147,38.172259,35.172259,52.033993,49.033993,30931,1092,43484,0,-9999,-9999,-9999,-9999,-9999,,0,0,-9999,-9999,-9999,-9999,0,-9.90E+37,-9.90E+37,-9.90E+37,-9.90E+37,-9.90E+37,-9.90E+37,28.724452,54.678136,0.016223,8.016321,0.124746
113,GRID_A_N_5_09_01,North Grid,868,507,1,-89.694443,-63.043178,-69.981611,-987.341685,25.000826,43.683142,9511,1.156117,0,150,30837,30872,30854,70841.9718,70976.58784,70907.20085,0,0,0,20110509, 14:23:24.8800,20110509, 14:23:59.9530,20110509, 14:23:41.9160,48.15238662,-122.6808732,48.15162099,-122.6822589,48.15203019,-122.6815587,56.181649,12.1.64.44173,3,20220907, 15:57:53.9700,C:\Users\JPeraza\Documents\UW Summer 2022\EV Files\Mobile\Turbulence Removed\NR.May.09_c.EV,0.031685,-9999,-999,1,-70,1,-34,1,6.75,1,0,1.54733E-08,19.870146,493.693122,2.68232E-08,1,Pacific herring,100,-41.31,1,1243.91892,1243.91892,25.000826,40.683142,53.181649,3.75,0,12528.84565,9299,120,,,Surface (depth of zero),0,-3,150,147,52.150272,49.150272,59.879406,56.879406,35694,1404,55908,0,-9999,-9999,-9999,-9999,-9999,,0,0,-9999,-9999,-9999,-9999,0,-9.90E+37,-9.90E+37,-9.90E+37,-9.90E+37,-9.90E+37,-9.90E+37,38.237469,34.677631,0.006414,4.306902,0.232185
113,GRID_A_N_5_09_01,North Grid,868,508,1,-94.641061,-65.156117,-69.814583,-989.148659,25.002348,48.078774,10040,0.37014,0,150,30873,30910,30891,70980.59087,71118.04652,71046.3516,0,0,0,20110509, 14:24:00.9550,20110509, 14:24:40.0310,20110509, 14:24:18.9910,48.15159574,-122.6822972,48.15074333,-122.6836133,48.15116003,-122.6828885,60.57468,12.1.64.44173,3,20220907, 15:57:53.9700,C:\Users\JPeraza\Documents\UW Summer 2022\EV Files\Mobile\Turbulence Removed\NR.May.09_c.EV,0.031685,-9999,-999,1,-70,1,-34,1,6.75,1,0,7.7442E-09,26.458589,798.55653,8.58766E-09,1,Pacific herring,100,-41.31,1,398.250798,398.250798,25.002348,45.078774,57.57468,3.75,0,16121.36586,11581,120,,,Surface (depth of zero),0,-3,150,147,57.352896,54.352896,62.818862,59.818862,35911,1482,59014,0,-9999,-9999,-9999,-9999,-9999,,0,0,-9999,-9999,-9999,-9999,0,-9.90E+37,-9.90E+37,-9.90E+37,-9.90E+37,-9.90E+37,-9.90E+37,49.195765,51.952965,0.002291,1.865472,0.536057
113,GRID_A_N_5_09_01,North Grid,868,509,1,-91.305987,-62.463529,-69.790197,-988.609497,25.000031,43.909988,11360,0.797689,0,150,30911,30953,30932,71122.1191,71259.1183,71192.20805,0,0,0,20110509, 14:24:41.0320,20110509, 14:25:23.1240,20110509, 14:25:02.0780,48.15071833,-122.6836533,48.14982333,-122.684905,48.150265,-122.6842983,56.409953,12.1.64.44173,3,20220907, 15:57:53.9700,C:\Users\JPeraza\Documents\UW Summer 2022\EV Files\Mobile\Turbulence Removed\NR.May.09_c.EV,0.031685,-9999,-999,1,-70,1,-34,1,6.75,1,0,1.4827E-08,25.08957,726.882143,1.85073E-08,1,Pacific herring,100,-41.31,1,858.269858,858.269858,25.000031,40.909988,53.409953,3.75,0,15082.82247,11211,120,,,Surface (depth of zero),0,-3,150,147,55.344216,52.344216,57.483339,54.483339,42531,1677,66779,0,-9999,-9999,-9999,-9999,-9999,,0,0,-9999,-9999,-9999,-9999,0,-9.90E+37,-9.90E+37,-9.90E+37,-9.90E+37,-9.90E+37,-9.90E+37,46.861844,40.186995,0.003257,2.673387,0.374057
113,GRID_A_N_5_09_01,North Grid,868,510,1,-95.825542,-65.989231,-69.993372,-991.461391,24.998533,49.050341,12416,0.281742,0,150,30954,31000,30977,71262.35831,71398.23646,71331.58944,0,0,0,20110509, 14:25:24.1260,20110509, 14:26:10.2210,20110509, 14:25:47.1740,48.14980333,-122.6849367,48.14891831,-122.6861813,48.14935615,-122.6855742,61.545232,12.1.64.44173,3,20220907, 15:57:53.9700,C:\Users\JPeraza\Documents\UW Summer 2022\EV Files\Mobile\Turbulence Removed\NR.May.09_c.EV,0.031685,-9999,-999,1,-70,1,-34,1,6.75,1,0,6.44813E-09,26.645638,763.227589,6.53673E-09,1,Pacific herring,100,-41.31,1,303.139329,303.139329,24.998533,46.050341,58.545232,3.75,0,20800.61431,14807,120,,,Surface (depth of zero),0,-3,150,147,57.722743,54.722743,66.185575,63.185575,43935,1833,72991,0,-9999,-9999,-9999,-9999,-9999,,0,0,-9999,-9999,-9999,-9999,0,-9.90E+37,-9.90E+37,-9.90E+37,-9.90E+37,-9.90E+37,-9.90E+37,44.006987,36.430426,0.001772,1.929114,0.518373
113,GRID_A_N_5_09_01,North Grid,868,511,1,-94.635126,-65.162563,-69.978158,-988.87751,25.00766,52.99162,11892,0.370725,0,150,31001,31045,31023,71401.28227,71537.14872,71471.64709,0,0,0,20110509, 14:26:11.2230,20110509, 14:26:56.3200,20110509, 14:26:34.2720,48.14890039,-122.6862122,48.14806627,-122.6875394,48.1484875,-122.686926,65.489932,12.1.64.44173,3,20220907, 15:57:53.9700,C:\Users\JPeraza\Documents\UW Summer 2022\EV Files\Mobile\Turbulence Removed\NR.May.09_c.EV,0.031685,-9999,-999,1,-70,1,-34,1,6.75,1,0,7.44793E-09,25.584739,766.836013,8.60123E-09,1,Pacific herring,100,-41.31,1,398.880166,398.880166,25.00766,49.99162,62.489932,3.75,0,23489.34508,16049,120,,,Surface (depth of zero),0,-3,150,147,58.252856,55.252856,70.971699,67.971699,40189,1755,69885,0,-9999,-9999,-9999,-9999,-9999,,0,0,-9999,-9999,-9999,-9999,0,-9.90E+37,-9.90E+37,-9.90E+37,-9.90E+37,-9.90E+37,-9.90E+37,46.133436,92.056355,0.002439,2.394975,0.417541
113,GRID_A_N_5_09_01,North Grid,868,512,1,-95.654803,-66.733637,-69.896512,-989.647241,25.009169,47.288444,12157,0.293164,0,150,31046,31091,31068,71540.23417,71677.90786,71607.14648,0,0,0,20110509, 14:26:57.3220,20110509, 14:27:43.4210,20110509, 14:27:19.3670,48.14804765,-122.6875702,48.14716969,-122.6888618,48.14762882,-122.6882116,59.788891,12.1.64.44173,3,20220907, 15:57:53.9700,C:\Users\JPeraza\Documents\UW Summer 2022\EV Files\Mobile\Turbulence Removed\NR.May.09_c.EV,0.031685,-9999,-999,1,-70,1,-34,1,6.75,1,0,6.29584E-09,24.484613,630.311478,6.80172E-09,1,Pacific herring,100,-41.31,1,315.428484,315.428484,25.009169,44.288444,56.788891,3.75,0,18861.29569,13633,120,,,Surface (depth of zero),0,-3,150,147,57.530344,54.530344,64.233301,61.233301,43854,1794,71438,0,-9999,-9999,-9999,-9999,-9999,,0,0,-9999,-9999,-9999,-9999,0,-9.90E+37,-9.90E+37,-9.90E+37,-9.90E+37,-9.90E+37,-9.90E+37,50.433893,20.787722,0.001974,2.142963,0.466644
113,GRID_A_N_5_09_01,North Grid,868,513,1,-91.611233,-58.796588,-69.977326,-988.201624,25.000546,49.326462,12417,0.743563,0,150,31092,31138,31115,71680.91593,71818.83138,71749.10781,0,0,0,20110509, 14:27:44.4240,20110509, 14:28:30.5220,20110509, 14:28:07.4740,48.14715212,-122.6888924,48.14629848,-122.6902227,48.14672664,-122.6895437,61.82304,12.1.64.44173,3,20220907, 15:57:53.9700,C:\Users\JPeraza\Documents\UW Summer 2022\EV Files\Mobile\Turbulence Removed\NR.May.09_c.EV,0.031685,-9999,-999,1,-70,1,-34,1,6.75,1,0,2.22771E-08,46.907822,2471.912901,1.72515E-08,1,Pacific herring,100,-41.31,1,800.033448,800.033448,25.000546,46.326462,58.82304,3.75,0,21009.74537,14944,120,,,Surface (depth of zero),0,-3,150,147,60.184141,57.184141,64.506351,61.506351,43797,1833,72991,0,-9999,-9999,-9999,-9999,-9999,,0,0,-9999,-9999,-9999,-9999,0,-9.90E+37,-9.90E+37,-9.90E+37,-9.90E+37,-9.90E+37,-9.90E+37,58.189287,45.09919,0.002174,1.126422,0.887767
113,GRID_A_N_5_09_01,North Grid,868,514,1,-99.139725,-68.769626,-69.985352,-992.11606,25.008234,57.158244,11628,0.131402,0,150,31139,31182,31160,71821.74752,71957.05834,71886.55716,0,0,0,20110509, 14:28:31.5240,20110509, 14:29:14.6170,20110509, 14:28:52.5690,48.14627942,-122.6902495,48.14543857,-122.6915574,48.14587337,-122.6908716,69.654933,12.1.64.44173,3,20220907, 15:57:53.9700,C:\Users\JPeraza\Documents\UW Summer 2022\EV Files\Mobile\Turbulence Removed\NR.May.09_c.EV,0.031685,-9999,-999,1,-70,1,-34,1,6.75,1,0,3.80933E-09,31.474369,996.441494,3.04867E-09,1,Pacific herring,100,-41.31,1,141.381472,141.381472,25.008234,54.158244,66.654933,3.75,0,26792.19737,17630,120,,,Surface (depth of zero),0,-3,150,147,64.760438,61.760438,75.263566,72.263566,37358,1716,68332,0,-9999,-9999,-9999,-9999,-9999,,0,0,-9999,-9999,-9999,-9999,0,-9.90E+37,-9.90E+37,-9.90E+37,-9.90E+37,-9.90E+37,-9.90E+37,51.08223,37.253286,0.001032,1.125865,0.888206
113,GRID_A_N_5_09_01,North Grid,868,515,1,-88.298076,-65.168415,-69.985825,-977.568299,24.986727,65.105236,5809,0.687458,0,150,31183,31204,31193,71960.18137,72026.23597,71990.88498,0,0,0,20110509, 14:29:15.6190,20110509, 14:29:36.6670,20110509, 14:29:25.6400,48.14542003,-122.6915889,48.14497376,-122.6921665,48.14520691,-122.6918481,77.605072,12.1.64.44173,3,20220907, 15:57:53.9700,C:\Users\JPeraza\Documents\UW Summer 2022\EV Files\Mobile\Turbulence Removed\NR.May.09_c.EV,0.031685,-9999,-999,1,-70,1,-34,1,6.75,1,0,1.51444E-08,11.285158,141.052297,1.59498E-08,1,Pacific herring,100,-41.31,1,739.667061,739.667061,24.986727,62.105236,74.605072,3.75,0,17471.59715,10665,120,,,Surface (depth of zero),0,-3,150,147,75.635275,72.635275,79.242957,76.242957,16834,858,34166,0,-9999,-9999,-9999,-9999,-9999,,0,0,-9999,-9999,-9999,-9999,0,-9.90E+37,-9.90E+37,-9.90E+37,-9.90E+37,-9.90E+37,-9.90E+37,73.206466,13.998774,0.010329,5.199506,0.192326
